"","sprice","livarea","beds","baths","lgelot","age","pool"
"1",138000,17,3,2,1,97,0
"2",105700,21,4,2.5,0,18,0
"3",22000,7,2,1,0,49,0
"4",255000,30,3,3,1,23,0
"5",203000,21,4,2,1,18,0
"6",129178,16,3,2,0,2,0
"7",140000,17,3,2,0,0,0
"8",118600,14,3,2,0,4,0
"9",125000,14,3,2,0,3,0
"10",145000,17,3,2.5,0,1,0
"11",157000,17,3,2.5,0,3,0
"12",160000,19,4,2.5,0,4,0
"13",151000,17,3,2.5,0,0,0
"14",166000,19,4,2,0,0,0
"15",124500,14,3,2,0,1,0
"16",145000,14,3,2,0,3,0
"17",144000,16,4,2,0,0,0
"18",175000,18,4,2,0,3,0
"19",125000,14,3,2,0,0,0
"20",172500,22,4,2.5,0,2,0
"21",330000,35,4,3.5,0,0,0
"22",233900,24,4,2,0,0,0
"23",199950,21,3,3,0,0,0
"24",159000,19,4,2,0,7,0
"25",180000,26,4,3,0,5,0
"26",155000,23,4,2.5,0,6,0
"27",129000,16,3,2,0,6,0
"28",149900,27,4,3,0,6,0
"29",235000,33,5,3.5,1,24,1
"30",137000,17,3,2,0,29,0
"31",219000,21,3,2,0,23,0
"32",210000,21,3,3,0,22,0
"33",190000,22,2,2.5,0,22,0
"34",247000,25,4,3,0,24,0
"35",125000,16,3,2,0,3,0
"36",199000,26,4,3,0,4,0
"37",132500,17,4,2,0,4,0
"38",161000,21,4,2.5,0,2,0
"39",166300,21,4,2.5,0,4,0
"40",146500,23,4,3,0,1,0
"41",180000,26,4,3,0,3,0
"42",142000,19,3,2,0,4,0
"43",149950,18,4,2,0,4,0
"44",128000,13,3,2,0,4,0
"45",127000,13,3,2,0,4,0
"46",128000,15,3,2,0,5,0
"47",134000,14,3,2,0,4,0
"48",134000,15,3,2,0,6,0
"49",136500,15,3,2,0,6,0
"50",130000,13,3,2,0,4,0
"51",186500,21,5,3,0,6,0
"52",168500,21,5,3,0,6,0
"53",169950,18,3,2,0,2,0
"54",179900,20,4,3,0,0,0
"55",146500,20,4,2,0,3,0
"56",104500,16,3,2,0,16,0
"57",154000,21,4,2.5,0,0,0
"58",110000,12,3,2,0,14,0
"59",100000,10,2,2,0,13,0
"60",155000,16,3,2,0,13,0
"61",161900,19,3,2.5,0,12,0
"62",169000,17,3,2,0,14,0
"63",134000,17,2,2,0,13,0
"64",145000,19,3,2.5,0,8,0
"65",132500,18,3,2.5,0,12,0
"66",131000,19,3,2.5,0,10,0
"67",147000,21,5,3,0,9,0
"68",190000,21,4,2.5,0,9,0
"69",147500,21,3,2.5,0,8,0
"70",175000,22,4,2,0,8,0
"71",188000,27,3,3,0,8,0
"72",172000,27,4,3,0,7,0
"73",163000,18,3,2,0,8,0
"74",209900,27,4,3,0,8,0
"75",163000,19,3,2,0,8,0
"76",179000,27,3,3,0,8,1
"77",149000,18,3,2,0,8,0
"78",121000,18,4,2,0,3,0
"79",134900,18,4,2,0,5,0
"80",160000,18,3,2,0,8,0
"81",164000,25,4,2,0,1,0
"82",148500,18,4,2.5,0,3,0
"83",100000,16,3,2,0,6,0
"84",107000,16,3,2,0,6,0
"85",111000,16,3,2,0,6,0
"86",100000,16,3,2,0,4,0
"87",148000,16,3,2,0,6,0
"88",127500,18,4,3,0,6,0
"89",136500,20,4,2.5,0,7,0
"90",160000,25,4,3,0,2,0
"91",152500,21,4,2.5,0,3,0
"92",132000,16,3,2,0,3,0
"93",126500,16,3,2,0,3,0
"94",149750,18,3,2,0,7,0
"95",165000,24,4,2.5,0,7,0
"96",137500,20,4,2.5,0,7,0
"97",145000,19,4,2,0,8,0
"98",136000,18,3,2,0,7,0
"99",156500,24,4,2.5,0,6,0
"100",140000,21,4,2.5,0,3,0
"101",180000,28,5,3.5,0,4,0
"102",144500,16,3,2,0,3,0
"103",105000,16,3,2,0,4,0
"104",101000,16,3,2,0,4,0
"105",107000,16,3,2,0,6,0
"106",175000,18,4,2.5,0,0,0
"107",131000,20,3,2.5,0,0,0
"108",144900,16,3,2,0,5,0
"109",190000,20,4,3,0,0,0
"110",156500,20,4,2,0,3,0
"111",219000,25,3,2.5,1,41,0
"112",142000,20,3,2,1,32,0
"113",165000,16,3,2,0,38,1
"114",195000,22,4,3,0,31,1
"115",261000,31,4,3,0,7,0
"116",112700,22,4,2.5,0,18,0
"117",109000,16,3,2,0,18,0
"118",113500,19,4,3,0,19,1
"119",118950,22,4,2.5,0,12,0
"120",112000,15,3,2,0,19,0
"121",102500,17,3,2,0,19,0
"122",98725,16,3,2,0,19,0
"123",115000,16,3,2,0,20,0
"124",114000,17,3,2,0,20,0
"125",121000,16,3,2,0,20,0
"126",112000,18,4,2,0,20,0
"127",109000,22,4,2.5,0,19,0
"128",123900,22,4,2.5,0,20,1
"129",91000,15,3,2,0,9,0
"130",107000,22,4,2.5,0,17,0
"131",91900,17,3,2,0,16,0
"132",104500,18,4,2,0,19,0
"133",110000,14,3,2,0,20,0
"134",97900,18,3,2,0,20,0
"135",103000,17,3,2,0,19,0
"136",93500,14,3,2,0,19,0
"137",110000,16,3,2,0,20,0
"138",140000,22,4,2.5,0,20,0
"139",105000,22,4,2.5,0,19,0
"140",126500,22,4,2.5,0,20,0
"141",118000,22,4,2.5,0,19,0
"142",109500,15,3,2,0,17,0
"143",126500,18,4,2,0,17,0
"144",136000,21,4,2.5,0,17,1
"145",153000,21,4,2.5,0,18,1
"146",115000,18,4,2,0,18,0
"147",118000,15,3,2,0,18,0
"148",122500,16,3,2,0,17,0
"149",152500,24,5,3,0,18,0
"150",113500,21,4,2.5,0,18,0
"151",125000,21,4,2.5,0,19,0
"152",117500,17,3,2,0,19,0
"153",143000,22,4,2.5,0,17,1
"154",110000,17,3,2,0,19,0
"155",104900,15,3,2,0,22,0
"156",105000,15,3,2,0,21,0
"157",105000,16,3,2,0,21,0
"158",142500,19,4,2,0,22,0
"159",114950,15,3,2,0,20,0
"160",90000,14,3,2,0,19,0
"161",101000,15,3,2.5,0,17,0
"162",145000,19,3,2,0,15,0
"163",119900,17,2,2,0,14,1
"164",142500,19,3,2,0,12,0
"165",138000,18,3,2,0,18,0
"166",120000,18,3,2,0,16,0
"167",147000,20,4,2.5,0,18,0
"168",145500,22,4,2,0,17,0
"169",134950,20,4,3,0,17,0
"170",122000,18,3,2,0,18,0
"171",114000,16,3,2,0,18,1
"172",139700,22,4,3,0,16,0
"173",129900,19,3,2,0,17,0
"174",165000,26,4,2.5,0,18,0
"175",114000,15,3,2,0,18,0
"176",141950,25,4,2.5,0,16,0
"177",116100,18,4,2,0,18,0
"178",112500,20,4,2,0,20,0
"179",103500,16,4,2,0,20,0
"180",115000,14,3,2,0,21,1
"181",144000,21,4,3,0,20,1
"182",108500,16,3,2,0,21,0
"183",103000,16,3,2,0,21,0
"184",102500,15,3,2,0,21,0
"185",116950,16,3,2,0,22,0
"186",126500,18,4,2,0,22,0
"187",121000,16,3,2,0,21,0
"188",115000,16,3,2,0,20,0
"189",96000,15,3,2,0,19,0
"190",135625,21,4,2.5,0,20,0
"191",139950,21,4,3,0,20,0
"192",109000,16,3,2,0,19,0
"193",113000,18,3,2,0,21,0
"194",143000,23,4,2.5,0,20,1
"195",127500,18,4,2,0,21,0
"196",119000,22,4,3,0,18,0
"197",139000,18,4,2,0,20,0
"198",139000,21,4,2.5,0,20,1
"199",123500,17,3,2,0,18,0
"200",85000,13,3,2,0,22,0
"201",115000,16,3,2,0,22,0
"202",130500,22,4,3,0,22,0
"203",102000,13,4,2,0,21,0
"204",124950,16,3,2,0,23,0
"205",117000,18,4,2,0,22,0
"206",105950,16,3,2,0,24,0
"207",80000,14,3,2,0,22,0
"208",103000,15,3,2,0,18,0
"209",115150,14,3,2,0,22,0
"210",146500,21,4,2.5,0,19,0
"211",135500,22,4,2.5,0,18,0
"212",115000,16,3,2,0,18,0
"213",126000,22,4,3,0,17,0
"214",118500,17,3,2,0,19,0
"215",116900,18,4,2,0,19,0
"216",109000,18,4,2,0,18,0
"217",118500,17,3,2,0,19,0
"218",140000,28,4,3,0,16,0
"219",132000,20,3,2,0,13,0
"220",110000,18,3,2,0,11,0
"221",77500,12,3,2,0,13,0
"222",104000,13,3,2,0,16,0
"223",100000,14,3,2,0,18,0
"224",110000,17,3,2,0,48,0
"225",87000,21,3,2,0,41,0
"226",120000,16,3,2,0,39,0
"227",115500,18,3,2.5,0,38,0
"228",99950,14,3,2,0,38,0
"229",113500,15,3,2,0,35,0
"230",110000,16,3,2,0,41,0
"231",117500,16,4,2,0,35,0
"232",115000,22,3,3,0,26,0
"233",166500,26,5,3,0,26,0
"234",129950,17,3,2.5,0,6,0
"235",127500,20,4,2.5,0,41,0
"236",110000,14,3,2,0,43,0
"237",73000,23,3,2,0,44,0
"238",110000,12,2,2,0,48,0
"239",130300,15,3,2,0,47,0
"240",121000,14,2,1.5,0,49,0
"241",109950,12,3,1,0,49,0
"242",126000,23,3,1.5,0,48,0
"243",205000,29,4,3,0,46,0
"244",145000,25,4,3,0,50,1
"245",83000,12,2,1,0,51,0
"246",76000,11,3,2,0,47,0
"247",79000,11,3,1,0,47,0
"248",129500,17,3,2,0,47,0
"249",99950,16,3,2,0,47,0
"250",140000,24,5,3,0,28,0
"251",119500,19,3,2,0,29,0
"252",106000,15,3,2,0,26,0
"253",95700,14,3,2,0,28,0
"254",97000,14,3,2,0,25,0
"255",162500,27,5,3.5,0,29,1
"256",95000,16,4,2,0,30,0
"257",97900,19,4,2,0,29,0
"258",96500,15,3,2,0,29,0
"259",94500,13,3,1.5,0,47,0
"260",123000,17,3,2,0,49,1
"261",88000,16,3,2,0,49,0
"262",122000,17,3,2,0,25,0
"263",117000,20,4,3,0,26,0
"264",105000,14,3,2,0,24,1
"265",118675,16,3,2,0,25,0
"266",99900,15,3,2,0,26,0
"267",119000,19,4,2.5,1,24,0
"268",105000,15,3,2,0,25,0
"269",88500,16,4,2,0,25,0
"270",110000,15,3,2,0,21,0
"271",124500,18,4,2,0,24,0
"272",107000,14,3,2,0,19,0
"273",107500,15,3,2,0,20,0
"274",99000,17,3,2,0,18,0
"275",118950,15,3,2,0,10,0
"276",134000,18,3,2.5,0,10,0
"277",145000,22,4,2,0,8,0
"278",95500,17,4,2,0,25,0
"279",119950,15,4,2,0,27,0
"280",120000,17,3,2,0,26,0
"281",97000,12,3,2,0,37,0
"282",105000,12,3,2,0,36,0
"283",117000,15,3,2,0,30,0
"284",120000,14,3,2,0,32,0
"285",96500,14,3,2,0,32,0
"286",90000,14,3,2,0,31,0
"287",115500,15,4,2,0,33,0
"288",108000,14,3,2,0,37,0
"289",105000,12,3,2,0,34,0
"290",105000,12,3,2,0,33,0
"291",164500,20,5,3,1,38,1
"292",119000,10,3,2,0,37,1
"293",97000,13,3,2,0,39,0
"294",81500,12,3,2,0,43,0
"295",119500,13,3,2,0,35,0
"296",145000,18,3,2,0,35,0
"297",146500,16,3,2,0,34,0
"298",135000,16,3,2,0,38,1
"299",129000,14,3,2,0,34,0
"300",230000,25,3,2.5,0,33,0
"301",230000,26,4,2,0,29,0
"302",285000,25,4,2,0,39,1
"303",357500,32,5,4,0,18,1
"304",139000,17,3,2,0,37,0
"305",142000,14,3,2,0,41,0
"306",155000,19,3,2,0,41,0
"307",335000,23,3,2,0,40,0
"308",133000,18,3,2,0,39,0
"309",105000,15,3,2,0,40,0
"310",116500,16,3,2,0,38,0
"311",142500,18,3,2.5,0,38,0
"312",209000,23,4,2.5,0,31,1
"313",159000,15,3,2,0,37,0
"314",114900,15,4,2,0,42,0
"315",180675,24,4,3,0,40,0
"316",177500,29,4,2,1,48,0
"317",109000,18,4,2,0,39,0
"318",113000,13,3,2,0,43,0
"319",650000,46,4,3.5,1,14,1
"320",255000,32,4,4,0,10,0
"321",375000,48,4,4.5,1,34,0
"322",126000,12,3,1,0,42,0
"323",82000,12,3,2,0,37,0
"324",119950,14,3,2,0,28,0
"325",153500,16,3,1.5,0,43,0
"326",103000,17,3,2.5,0,46,0
"327",135000,20,3,2,0,47,0
"328",134000,15,3,1.5,0,41,0
"329",133563,14,3,1.5,0,42,0
"330",129759,20,3,3,0,43,1
"331",104000,11,3,2,0,44,0
"332",119500,13,3,2,0,43,0
"333",124000,15,3,2,0,43,0
"334",125000,16,3,2,0,42,0
"335",132000,15,3,2,0,42,0
"336",145000,20,4,3,0,42,0
"337",69000,12,2,1,0,48,0
"338",105000,14,2,1.5,0,48,0
"339",172000,22,4,2.5,0,12,0
"340",127000,18,3,2,0,13,0
"341",167500,25,4,2.5,0,14,0
"342",152500,17,3,3,0,10,1
"343",125000,16,3,2,0,9,0
"344",139950,18,3,2,0,10,0
"345",147900,23,4,2.5,0,9,1
"346",131000,17,3,2,0,10,0
"347",155000,21,4,2.5,0,9,0
"348",122500,15,3,2,0,10,0
"349",97000,17,3,2,0,8,0
"350",116900,21,4,2.5,0,8,0
"351",135900,23,5,3,0,9,0
"352",124950,18,4,2,0,8,0
"353",123575,15,3,2,0,9,0
"354",142000,23,5,3,0,7,0
"355",135000,18,3,2,0,9,0
"356",117500,15,3,2,0,8,0
"357",131500,21,4,2.5,0,9,0
"358",125000,18,3,2,0,11,0
"359",155000,21,4,2.5,0,12,0
"360",121000,15,3,2,0,11,0
"361",124000,15,3,2,0,11,0
"362",125000,18,4,2,0,10,0
"363",149000,22,4,2.5,0,10,0
"364",117000,15,3,2,0,11,0
"365",137000,21,4,2.5,0,9,0
"366",101950,13,3,2,0,12,0
"367",108000,15,3,2,0,13,0
"368",166000,25,4,3,0,15,0
"369",179000,25,4,3,0,16,0
"370",161500,23,4,2.5,0,14,0
"371",124500,16,3,2,0,13,0
"372",131000,18,4,2,0,15,0
"373",132500,17,3,2,0,15,0
"374",99862,15,3,2,0,14,0
"375",133900,18,3,2,0,17,0
"376",112500,16,3,2,0,16,0
"377",143000,23,5,3,0,14,0
"378",118000,15,3,2,0,14,0
"379",133000,19,4,2.5,0,16,0
"380",119000,17,3,2,0,18,0
"381",107000,16,3,2,0,16,0
"382",130500,21,4,3,0,17,0
"383",149000,25,4,3,0,18,0
"384",127000,19,4,3,0,17,0
"385",115000,18,4,2.5,0,16,0
"386",125000,25,4,3,0,15,0
"387",142000,22,3,2.5,0,19,0
"388",124500,20,4,3,0,19,0
"389",112000,15,3,2,0,19,0
"390",98000,16,3,2,0,19,0
"391",100000,15,3,2,0,18,0
"392",110000,20,4,2.5,0,18,1
"393",102000,16,3,2,0,19,0
"394",108523,15,3,2,0,15,0
"395",112500,25,4,3,0,16,0
"396",95000,15,3,2,0,18,0
"397",97750,15,3,2,0,17,0
"398",125500,22,4,2.5,0,15,0
"399",103000,14,3,2,0,15,0
"400",135000,23,4,2.5,0,16,0
"401",101000,17,3,2,0,15,0
"402",125950,22,3,2.5,0,17,0
"403",103500,14,3,2,0,17,0
"404",135000,22,4,2.5,0,13,0
"405",169000,27,5,3,0,12,0
"406",108500,14,3,2,0,11,0
"407",120500,17,3,2,0,11,0
"408",148000,25,4,3,0,12,0
"409",164000,27,5,3,1,12,1
"410",125500,22,4,2.5,0,12,0
"411",128500,22,4,2.5,0,14,0
"412",85000,15,3,2,0,19,0
"413",106000,15,3,2,0,13,0
"414",100000,19,4,2,0,12,0
"415",137000,22,4,2.5,0,14,0
"416",140000,20,4,2.5,0,14,0
"417",127500,14,4,2,0,14,1
"418",103000,15,3,2,0,13,0
"419",114000,19,4,3,0,13,0
"420",122500,22,4,2.5,0,13,0
"421",108000,17,4,2,0,15,0
"422",100000,15,3,2,0,13,0
"423",134500,22,4,2.5,0,10,1
"424",99000,23,5,4,0,17,0
"425",122950,13,3,2,1,10,0
"426",123500,20,4,2.5,0,8,0
"427",118500,17,3,2,0,10,0
"428",109900,18,4,2,0,18,0
"429",93500,14,3,2,0,14,1
"430",130000,22,4,2.5,0,11,0
"431",119000,22,4,2.5,0,11,0
"432",147000,26,4,3,0,10,0
"433",155000,26,4,3,0,10,0
"434",125000,21,3,2.5,0,12,0
"435",126000,15,3,2,0,12,0
"436",105000,16,4,2,0,13,0
"437",132500,21,4,2.5,0,11,1
"438",169500,27,4,3,0,12,0
"439",117000,16,3,2,0,11,0
"440",163500,27,5,3,0,11,0
"441",126000,23,4,3,0,9,0
"442",154000,22,3,2.5,0,11,0
"443",104000,16,3,2,0,10,0
"444",165000,27,5,3,0,10,0
"445",66900,12,3,2,0,38,0
"446",70000,11,3,1,1,41,0
"447",85000,17,3,2,0,42,0
"448",84500,10,3,2,0,40,0
"449",86200,18,4,3,0,35,0
"450",59000,11,4,2,0,37,0
"451",70000,14,3,2,0,31,0
"452",72000,12,3,2,0,34,0
"453",75000,10,3,1,0,37,0
"454",77500,13,4,2,0,33,0
"455",72000,11,3,2,0,34,0
"456",81000,11,3,2,0,34,0
"457",94000,14,3,2,0,35,1
"458",85500,13,3,2,0,33,0
"459",93280,12,3,2,0,26,0
"460",83511,14,3,2,0,25,0
"461",147500,20,4,3,0,27,0
"462",99950,14,3,2,0,28,0
"463",97000,15,3,2,0,29,1
"464",84000,15,3,2,0,27,0
"465",79000,14,3,2,0,27,0
"466",93750,15,3,2,0,24,0
"467",95000,12,3,2,0,28,0
"468",97500,12,3,2,0,27,0
"469",86950,14,3,2,0,27,0
"470",85250,12,3,2,0,30,0
"471",92500,16,3,2,0,28,0
"472",87500,12,3,2,0,29,0
"473",92500,14,3,2,0,30,0
"474",89900,13,3,2,0,33,1
"475",87000,11,3,2,0,33,0
"476",74400,16,3,2,0,31,0
"477",90000,17,3,2,0,30,0
"478",74000,13,3,2,0,31,0
"479",713000,14,3,2.5,0,29,0
"480",109000,12,3,2,0,30,0
"481",94000,14,3,2,0,27,0
"482",86500,13,3,2,0,29,0
"483",82000,14,3,2,0,28,0
"484",94250,16,3,2,0,26,0
"485",102000,15,3,2,0,31,0
"486",85600,16,4,2,0,31,0
"487",88700,12,3,2,0,32,0
"488",94500,17,3,2,0,33,0
"489",82500,15,3,2,0,31,0
"490",80000,12,3,2,0,35,0
"491",95000,14,3,2,0,34,0
"492",99000,15,3,2,0,32,0
"493",90000,12,3,2,0,32,0
"494",95000,13,3,2,0,34,0
"495",82000,12,3,2,0,32,0
"496",93000,14,3,2,0,33,0
"497",81000,13,3,2,0,33,0
"498",95000,14,3,2,0,26,0
"499",125000,19,5,2.5,0,28,0
"500",82950,15,3,2,0,27,0
"501",128000,30,4,3,0,26,1
"502",82000,12,3,2,0,29,0
"503",91000,16,3,2,0,29,0
"504",76838,16,3,2,0,30,0
"505",91000,14,3,2,0,41,0
"506",55500,15,4,2,0,37,0
"507",66000,10,3,1,0,41,0
"508",79950,11,3,2,0,43,0
"509",77950,13,3,1,0,42,0
"510",83000,15,3,2,0,31,0
"511",95500,14,3,2,0,32,0
"512",107000,21,4,3,0,30,0
"513",90000,15,3,2,0,30,0
"514",79000,14,3,2,0,37,0
"515",78500,11,3,2,0,40,0
"516",87950,12,3,2,0,41,0
"517",82500,12,3,2,0,40,0
"518",94000,12,3,2,0,23,1
"519",79000,17,4,2.5,0,26,0
"520",85000,10,3,1,0,24,0
"521",80400,12,3,2,0,19,0
"522",127000,22,4,2.5,0,17,0
"523",130000,26,5,3,0,16,0
"524",116000,18,4,2,0,17,0
"525",115000,15,3,2,0,18,0
"526",119000,18,4,2,0,17,0
"527",135000,16,3,2,0,18,0
"528",100000,15,3,2,0,17,0
"529",111000,15,3,2,0,17,0
"530",106000,19,4,3,0,17,0
"531",113500,17,5,2,0,18,0
"532",108000,16,3,2,0,18,1
"533",109000,18,4,2,0,19,0
"534",108000,17,3,2,0,15,0
"535",104000,16,3,2,0,13,0
"536",123000,15,3,2,0,15,0
"537",101800,15,3,2,0,16,0
"538",105500,15,3,2,0,16,0
"539",110000,17,3,2,0,14,0
"540",167000,22,4,3,0,15,1
"541",101000,16,3,2,0,17,0
"542",103000,16,4,2,0,16,0
"543",147900,27,5,4,0,18,0
"544",96000,15,3,2,0,17,0
"545",118000,15,3,2,0,16,0
"546",129000,22,4,3,0,12,0
"547",102000,15,3,2,0,12,0
"548",105000,15,3,2,0,15,0
"549",125000,15,3,2,0,15,0
"550",198000,27,4,2,1,51,0
"551",124000,23,4,3,0,19,0
"552",103000,15,3,2,0,20,0
"553",120000,22,4,3,0,19,0
"554",101000,17,3,2,0,19,0
"555",99000,18,4,2,0,18,0
"556",126000,22,4,3,0,18,0
"557",106750,18,4,2,0,18,0
"558",137000,18,4,2,0,18,1
"559",102000,15,3,2,0,19,0
"560",100000,15,3,2,0,19,0
"561",114500,22,3,3,0,18,0
"562",100000,15,3,2,0,18,0
"563",88000,22,4,2.5,0,19,1
"564",101500,15,3,2,0,18,0
"565",104500,15,3,2,0,17,0
"566",88500,17,3,2,0,17,0
"567",115000,17,3,2,0,18,0
"568",130000,22,4,3,0,17,0
"569",84950,16,3,2,0,17,0
"570",125000,13,3,2,0,12,0
"571",105000,13,3,2,0,12,0
"572",108000,13,3,2,0,12,0
"573",129950,13,3,2,0,12,0
"574",95000,16,3,2,0,9,0
"575",125000,17,3,2,0,8,0
"576",128000,16,3,2,0,10,0
"577",149950,22,4,2,0,10,0
"578",128500,18,3,2,0,11,0
"579",127000,18,4,2,0,97,0
"580",135000,18,4,2,0,9,0
"581",125000,16,3,2,0,10,0
"582",144000,22,4,3,0,8,0
"583",119500,15,3,2,0,5,0
"584",136000,18,3,2,0,8,0
"585",123000,15,3,2,0,8,0
"586",140000,18,3,2,0,9,0
"587",137000,22,4,3,0,7,0
"588",124000,15,3,2,0,8,0
"589",120000,15,3,2,0,8,0
"590",121500,15,3,2,0,8,0
"591",126500,18,3,2,0,8,0
"592",119950,15,3,2,0,8,0
"593",118000,14,3,2,0,0,0
"594",118000,14,3,2,0,0,0
"595",146500,18,3,2,0,4,0
"596",121500,14,3,2,0,0,0
"597",124500,14,3,2,0,0,0
"598",132500,15,3,2,0,1,0
"599",77625,14,3,2,0,30,0
"600",77500,11,3,2,0,29,0
"601",77000,12,3,2,0,29,0
"602",71100,15,4,2,0,28,0
"603",77000,12,3,2,0,29,0
"604",65000,12,3,2,0,29,0
"605",77000,12,3,2,0,29,0
"606",69900,13,3,2,0,28,0
"607",79950,10,3,2,0,27,0
"608",55000,14,3,2,0,32,0
"609",68000,14,3,2,0,32,0
"610",85000,13,3,2,0,28,0
"611",120000,15,3,2,0,29,0
"612",65000,19,5,2.5,0,37,0
"613",88500,10,3,1.5,0,37,0
"614",91000,14,4,1.5,0,38,0
"615",81000,11,3,1.5,0,40,0
"616",85000,11,3,1.5,0,38,0
"617",99500,12,3,2,0,38,0
"618",79900,11,3,1.5,0,37,0
"619",91000,10,3,1.5,0,39,0
"620",69000,13,4,1.5,0,38,0
"621",93500,15,4,1.5,0,38,0
"622",69000,15,5,2,0,39,0
"623",60000,14,5,1.5,0,38,0
"624",94950,13,3,1.5,0,39,0
"625",91365,14,4,1.5,0,38,0
"626",105626,13,3,2,0,34,0
"627",97500,15,3,2,0,35,1
"628",91500,11,3,2,0,37,0
"629",107000,18,3,2,0,31,0
"630",109950,16,4,2,0,32,1
"631",81000,12,3,2,0,32,0
"632",101000,15,3,2,0,32,0
"633",93700,18,3,2,0,34,0
"634",95000,14,3,2,0,33,0
"635",88000,14,3,2,0,34,0
"636",115000,18,4,2,0,33,0
"637",72000,13,3,1.5,0,31,0
"638",84950,14,3,2,0,34,0
"639",77900,20,4,2,0,29,0
"640",81400,12,3,2,0,29,0
"641",40000,10,3,1,0,28,0
"642",95000,14,3,2,0,29,0
"643",107500,15,4,2,0,41,0
"644",94500,20,4,2,0,41,0
"645",90000,12,3,1.5,0,41,0
"646",109950,18,3,1.5,0,41,0
"647",97500,15,3,2,0,37,0
"648",99500,14,3,2,0,38,0
"649",75000,14,3,2,0,36,0
"650",87500,12,3,1.5,0,36,0
"651",87000,11,3,2,0,38,0
"652",119950,19,4,2.5,0,41,0
"653",60000,15,3,1.5,0,41,0
"654",74000,10,3,1,0,43,0
"655",75128,14,3,1,0,42,0
"656",99700,14,3,2,0,42,0
"657",76000,11,3,1,0,42,0
"658",69950,9,2,1,0,44,0
"659",77000,11,3,2,0,44,0
"660",51000,12,3,2,0,43,0
"661",65000,10,3,1,0,42,0
"662",77250,9,3,1,0,43,0
"663",80000,13,3,2,0,44,0
"664",102000,14,3,2,0,25,0
"665",58900,16,2,1,0,57,0
"666",71000,11,3,1,0,43,0
"667",95000,14,4,2,0,42,0
"668",85000,11,3,1,0,42,0
"669",75000,11,3,1,0,44,0
"670",83000,15,3,1,0,42,0
"671",98000,11,3,1,0,43,0
"672",91500,11,3,1,0,44,0
"673",87500,14,3,1,0,44,0
"674",85000,11,3,1,0,45,0
"675",114950,16,3,2,0,45,0
"676",79000,10,3,1,0,46,0
"677",106000,11,3,1,0,45,0
"678",101000,19,3,2,0,45,0
"679",60900,9,3,1,0,25,0
"680",79000,11,3,1,0,24,0
"681",62000,11,3,1,0,23,0
"682",75000,10,3,1,0,23,0
"683",72000,9,3,1,0,25,0
"684",75000,9,3,1.5,0,23,0
"685",90000,14,3,2,0,13,0
"686",102000,15,2,2,0,16,0
"687",86500,14,3,2,0,16,0
"688",97000,15,3,2,0,15,0
"689",95500,17,3,2,0,21,0
"690",109000,15,3,2,0,19,0
"691",89900,15,3,2,0,20,0
"692",125000,19,4,3,0,20,0
"693",97500,18,3,2,0,20,0
"694",117000,20,4,2.5,0,20,0
"695",103500,15,3,2,0,20,0
"696",99900,14,3,2,0,22,0
"697",99900,15,3,2,0,22,0
"698",75000,15,3,2,0,21,0
"699",90000,18,4,2,0,22,0
"700",96500,16,3,2,0,22,0
"701",122500,17,4,2,0,22,0
"702",96000,14,3,2,0,23,0
"703",89900,14,3,2,0,23,0
"704",102000,15,4,2,0,23,0
"705",97000,13,3,2,0,25,0
"706",87500,13,2,2,0,24,0
"707",92500,14,3,2,0,21,0
"708",109500,16,4,2,0,20,0
"709",100000,15,4,2,0,21,0
"710",99840,15,3,2,0,21,0
"711",92000,14,3,2,0,24,1
"712",104000,20,5,2.5,0,23,0
"713",105000,20,5,2.5,0,24,0
"714",118000,16,3,2,0,25,0
"715",98000,16,3,2,0,22,0
"716",95000,16,4,2,0,22,0
"717",110000,16,3,2,0,23,0
"718",123950,17,3,2,0,22,1
"719",112000,14,3,2,0,23,0
"720",94000,15,3,2,0,23,0
"721",119000,15,3,2,0,20,1
"722",107000,18,4,2,0,22,0
"723",86000,18,3,2,0,21,0
"724",93000,17,4,2,0,21,0
"725",112000,17,4,2,0,24,0
"726",98000,20,4,3,0,22,0
"727",141979,20,4,2.5,0,20,0
"728",129000,21,4,3,0,21,1
"729",132000,20,4,2.5,0,19,0
"730",107000,19,3,2.5,0,19,0
"731",94900,17,4,2,0,20,0
"732",115000,19,3,2,0,18,0
"733",112000,18,4,2,0,20,0
"734",105500,19,4,2,0,21,0
"735",89000,16,3,2,0,18,0
"736",127500,15,3,2,0,20,0
"737",111500,18,4,2.5,0,20,0
"738",128500,19,4,3,0,21,0
"739",119900,16,3,2,0,20,0
"740",112900,14,3,2,0,20,0
"741",125000,16,3,2,0,21,0
"742",115000,17,3,2,0,21,0
"743",82000,20,3,2,1,52,0
"744",425000,36,4,3,1,16,0
"745",325000,29,4,2.5,1,20,0
"746",280000,20,3,2,1,48,0
"747",190000,23,3,2,0,24,0
"748",235000,24,4,2,0,25,0
"749",132500,12,3,1,1,48,0
"750",250000,28,5,3,0,34,1
"751",250000,34,3,2.5,1,40,1
"752",286000,28,4,3,1,41,0
"753",130000,20,4,3,0,40,0
"754",168000,17,3,2,0,41,0
"755",210000,19,4,2,0,41,0
"756",285000,30,3,2,1,32,1
"757",195000,22,3,2,0,40,0
"758",279000,27,4,2.5,1,16,1
"759",190000,17,3,2,0,41,0
"760",250000,30,4,4.5,0,32,0
"761",178500,18,3,2.5,0,33,0
"762",205000,18,3,2,0,40,1
"763",110000,17,2,2,1,44,0
"764",381000,30,4,3.5,1,18,1
"765",195000,23,3,2.5,1,35,0
"766",260000,23,3,2,0,36,1
"767",260000,26,3,3,1,41,1
"768",37000,10,1,2,0,48,0
"769",145000,15,2,1.5,0,45,0
"770",132000,17,2,2,0,37,0
"771",188000,18,3,2,0,39,0
"772",167000,20,3,2.5,0,35,1
"773",129000,14,3,2,0,40,0
"774",258000,28,3,2.5,1,13,0
"775",275000,26,3,2.5,1,18,1
"776",550000,36,4,2.5,1,8,0
"777",98000,10,3,1,0,36,0
"778",107400,13,3,1,0,36,0
"779",129000,12,3,2,0,33,0
"780",121000,15,3,2,0,33,0
"781",92000,13,3,2,0,34,0
"782",110000,14,3,2.5,0,34,0
"783",112000,11,3,2,0,33,0
"784",110000,36,4,2,1,7,0
"785",235000,17,3,2,1,31,1
"786",530000,35,3,3,1,9,0
"787",255000,26,3,3,1,24,0
"788",240000,22,3,3.5,1,19,1
"789",209950,20,3,2,1,19,0
"790",320000,30,3,3.5,1,17,0
"791",212000,33,3,3,1,17,0
"792",360000,46,5,3,1,15,1
"793",241000,31,4,3,1,18,0
"794",247000,24,3,2.5,1,18,0
"795",645000,40,4,4,1,4,1
"796",270000,28,3,3,1,16,1
"797",310000,44,4,4.5,1,9,0
"798",391000,37,5,3,1,8,0
"799",334000,32,4,2.5,1,15,1
"800",335000,30,3,2.5,1,12,0
"801",425000,42,4,2.5,1,8,0
"802",450000,34,4,3,1,5,0
"803",525000,37,5,4.5,1,4,1
"804",525000,40,5,3.5,1,4,0
"805",500000,42,4,3.5,1,2,0
"806",160000,18,3,2,0,31,0
"807",85000,8,2,1,1,51,0
"808",124000,23,4,4,0,35,0
"809",126500,13,3,1.5,1,38,0
"810",141500,15,2,2,1,49,0
"811",179000,23,3,3,1,16,0
"812",279000,29,4,2.5,1,18,1
"813",325000,29,4,3,1,18,0
"814",79950,11,3,2,0,14,0
"815",82500,14,3,2,0,17,0
"816",83000,14,3,2,0,18,0
"817",74900,14,3,2,0,18,0
"818",80000,14,3,2,0,18,0
"819",91500,16,4,2.5,0,16,0
"820",80000,11,3,2,0,15,0
"821",85000,14,3,2,0,17,0
"822",88888,14,3,2,0,17,0
"823",83000,14,3,2,0,17,0
"824",70000,13,3,2,0,16,0
"825",68000,15,4,2,0,17,0
"826",84000,15,4,2,0,17,0
"827",73900,13,3,2,0,20,0
"828",84950,14,3,2,0,19,0
"829",86000,13,3,2,0,20,0
"830",82000,11,3,2,0,20,0
"831",71500,11,3,2,0,19,0
"832",74000,11,3,2,0,20,0
"833",80000,14,3,2,0,18,0
"834",79950,11,3,2,0,18,0
"835",88000,15,3,2,0,18,0
"836",84500,12,3,2,0,18,0
"837",87000,11,3,2,0,17,0
"838",88000,14,3,2,0,16,0
"839",95500,11,3,2,0,18,0
"840",81500,14,3,2,0,17,0
"841",85000,14,3,2,0,18,0
"842",95000,14,3,2,0,19,0
"843",101500,12,3,2,0,4,0
"844",87000,15,3,2,0,17,0
"845",90000,15,4,2,0,17,0
"846",73500,13,3,2,0,18,0
"847",74000,13,3,2,0,17,0
"848",50000,14,4,2,0,20,0
"849",86225,13,3,2,0,18,0
"850",48000,13,4,2,0,19,0
"851",69500,13,4,2,0,20,0
"852",71000,13,3,2,0,19,0
"853",75000,13,2,2,0,18,0
"854",67500,14,2,2,0,16,0
"855",75000,11,2,2,0,16,0
"856",63650,10,2,2,0,17,0
"857",73000,14,2,2,0,17,0
"858",72000,13,2,2,0,18,0
"859",85000,15,2,2,0,18,0
"860",81000,14,2,2,0,18,0
"861",66000,9,2,2,0,18,0
"862",89000,16,2,2,0,18,0
"863",66500,9,2,2,0,19,0
"864",64000,9,2,2,0,18,0
"865",83000,14,2,2,0,18,0
"866",85000,14,2,2,0,19,0
"867",78000,14,2,2,0,19,0
"868",75500,13,2,2,0,18,0
"869",64900,9,2,2,0,18,0
"870",73000,11,2,2,0,17,0
"871",75000,14,2,2,0,17,0
"872",69000,11,2,1.5,0,20,0
"873",95800,19,4,2.5,0,23,0
"874",81500,12,3,2,0,23,0
"875",77500,13,3,2,0,19,0
"876",84000,13,3,2,0,19,0
"877",79500,15,4,2,0,19,0
"878",69950,13,3,2,0,19,0
"879",75000,19,4,2.5,0,24,0
"880",80000,15,3,2,0,24,0
"881",88000,15,4,2,0,23,0
"882",66400,12,4,2,0,26,0
"883",76500,15,4,2,0,27,0
"884",89100,15,3,2,0,28,0
"885",88000,12,3,2,0,14,0
"886",69950,10,3,2,0,15,0
"887",85000,12,3,2,0,14,0
"888",72000,11,3,1.5,0,14,0
"889",90950,13,3,2,0,14,0
"890",77500,11,3,2,0,15,0
"891",114000,18,3,2,0,14,0
"892",84950,11,3,2,0,13,0
"893",103500,18,3,2,0,13,0
"894",83000,11,3,2,0,12,0
"895",75000,10,2,2,0,14,0
"896",75000,14,2,2,0,13,0
"897",75500,14,2,2,0,13,0
"898",86000,14,2,2,0,12,0
"899",69000,11,2,2,0,14,0
"900",66000,10,2,2,0,14,0
"901",97000,15,3,2,0,9,0
"902",115000,21,4,3,0,7,0
"903",116950,18,3,2,0,8,0
"904",143600,26,5,3,0,9,0
"905",132000,26,5,3,0,8,0
"906",99900,15,3,2,0,8,0
"907",141000,22,4,3,0,9,1
"908",102000,18,4,2.5,0,8,0
"909",122000,26,5,3,0,8,0
"910",134000,21,4,3,0,7,0
"911",128000,18,4,2.5,0,8,0
"912",95000,16,3,2.5,0,7,0
"913",111000,16,3,2.5,0,7,0
"914",115000,16,3,2.5,0,8,0
"915",118900,19,4,2.5,0,6,0
"916",120000,19,3,2.5,0,6,0
"917",142000,25,5,3,0,5,0
"918",108549,16,3,2,0,6,0
"919",112599,15,4,2.5,0,4,0
"920",197000,17,3,2,0,21,0
"921",250000,20,3,2.5,1,20,0
"922",134000,10,3,2,1,52,0
"923",485000,41,4,3,1,23,1
"924",139950,13,2,1,1,39,0
"925",162500,12,3,1,1,68,0
"926",278000,28,4,2,1,18,0
"927",112000,13,2,2,1,50,0
"928",190000,17,3,2,1,52,0
"929",325000,29,4,2.5,1,9,1
"930",320000,23,2,2.5,1,11,0
"931",79450,11,3,2,0,21,0
"932",70000,11,3,2,0,20,0
"933",73000,10,3,2,0,21,0
"934",55000,10,3,2,0,21,0
"935",78000,12,3,2,0,21,0
"936",75500,12,3,2,0,21,0
"937",79500,12,3,2,0,20,0
"938",73000,13,3,2,0,20,0
"939",64600,11,3,2,0,19,0
"940",89000,17,4,2,0,20,0
"941",72000,11,3,2,0,21,0
"942",73500,13,3,2,0,19,0
"943",72000,11,3,2,0,22,0
"944",72500,18,3,1.5,0,24,0
"945",78000,14,3,2,0,22,0
"946",80000,14,3,2,0,22,0
"947",81500,17,3,2,0,23,0
"948",52500,14,3,2,0,24,0
"949",71500,10,3,1.5,0,22,0
"950",70000,12,3,2,0,21,0
"951",62250,11,3,2,0,18,0
"952",69950,10,3,2,0,19,0
"953",50000,13,3,2,0,18,0
"954",65000,10,3,2,0,17,0
"955",77000,11,3,2,0,20,0
"956",72000,11,3,2,0,17,0
"957",74900,11,3,2,0,19,0
"958",79000,11,4,2,0,18,0
"959",56000,13,4,2,0,19,0
"960",67000,11,3,2,0,18,0
"961",77000,13,3,2,0,18,0
"962",69900,11,4,2,0,19,0
"963",63000,11,3,2,0,18,0
"964",76500,11,4,2,0,19,0
"965",89800,12,3,2,0,19,0
"966",70500,11,3,2,0,17,0
"967",85000,15,3,2,0,19,0
"968",74900,11,4,2,0,19,0
"969",70000,15,3,2,0,18,0
"970",76000,11,3,2,0,18,0
"971",69000,11,3,2,0,18,0
"972",65000,11,3,2,0,17,0
"973",46000,11,3,2,0,17,0
"974",72000,9,3,2,0,17,0
"975",55000,8,2,1,0,18,0
"976",71950,10,3,2,0,17,0
"977",51600,11,3,2,0,16,0
"978",67000,11,4,2,0,16,0
"979",77000,11,4,2,0,17,0
"980",69900,11,3,2,0,17,0
"981",55000,10,3,2,0,15,0
"982",77950,11,4,2,0,17,0
"983",73500,11,3,2,0,18,0
"984",68800,11,3,2,0,16,0
"985",51500,10,3,2,0,16,0
"986",77900,13,3,2,0,16,0
"987",76000,11,3,2,0,17,1
"988",62900,12,2,1,0,17,0
"989",75000,13,3,2,0,16,0
"990",82000,13,4,2,0,16,1
"991",101000,18,3,3,0,19,0
"992",59900,11,3,2,0,18,0
"993",65000,11,3,2,0,20,0
"994",78000,13,3,2,0,19,0
"995",63000,12,3,2,0,18,0
"996",62500,13,3,2,0,18,0
"997",87000,12,3,2,0,20,0
"998",82500,11,3,2,0,19,0
"999",61752,12,3,2,0,20,0
"1000",83000,13,4,2,0,20,0
"1001",73500,11,3,2,0,15,0
"1002",75000,11,3,2,0,15,0
"1003",71000,11,3,2,0,15,0
"1004",67000,11,3,2,0,15,0
"1005",81000,15,3,2,0,16,0
"1006",71000,11,3,2,0,16,0
"1007",89950,11,3,2,0,16,0
"1008",74500,9,3,2,0,16,0
"1009",75000,12,3,2,0,21,0
"1010",67950,12,3,2,0,19,0
"1011",72000,11,3,2,0,20,0
"1012",87000,12,3,2,0,21,0
"1013",60000,11,3,2,0,20,0
"1014",50000,13,4,2,0,21,0
"1015",79000,13,4,2,0,21,0
"1016",94500,13,3,2,0,0,0
"1017",72050,10,3,2,0,12,0
"1018",88500,14,3,2,0,11,0
"1019",98000,11,3,2,0,13,0
"1020",91000,10,3,2,0,13,0
"1021",84000,15,3,2,0,14,0
"1022",85500,11,3,2,0,13,0
"1023",97000,10,3,2,0,13,0
"1024",88000,14,3,2,0,10,0
"1025",101500,17,3,2.5,0,9,0
"1026",69000,12,3,2,0,9,0
"1027",94000,12,3,2,0,10,1
"1028",85000,12,3,2,0,9,0
"1029",90000,16,3,2.5,0,8,0
"1030",93500,10,2,2,0,7,0
"1031",112000,16,4,2.5,0,6,0
"1032",96000,12,3,2,0,7,0
"1033",85000,10,3,2,0,6,0
"1034",105000,12,3,2,0,7,0
"1035",110000,16,4,2,0,8,0
"1036",97000,12,3,2,0,8,0
"1037",102000,14,3,2,0,8,0
"1038",91200,10,3,2,0,8,0
"1039",115450,16,3,2.5,0,6,0
"1040",89500,16,3,2.5,0,6,0
"1041",95000,14,3,2,0,7,0
"1042",100000,16,3,2.5,0,7,0
"1043",126300,17,3,2.5,1,7,0
"1044",130000,22,4,3,0,8,0
"1045",148500,22,4,3,0,8,0
"1046",105000,11,3,2,0,0,0
"1047",145000,24,4,2.5,0,5,1
"1048",117000,18,3,2,0,8,0
"1049",124950,18,3,2,0,7,0
"1050",320000,25,4,3,1,26,0
"1051",161000,14,3,2,1,22,0
"1052",228500,20,4,1.5,1,65,0
"1053",179000,26,3,3,0,31,0
"1054",160000,21,3,2,1,49,0
"1055",138800,13,3,2,0,17,0
"1056",285000,23,3,3,1,9,1
"1057",175000,19,4,2,0,15,0
"1058",235000,20,4,3,0,16,0
"1059",202000,27,4,3.5,0,6,0
"1060",180000,19,4,2,0,12,0
"1061",156800,16,3,2,0,16,0
"1062",155000,18,3,2,0,17,0
"1063",176000,18,3,2,0,15,1
"1064",217500,19,4,2,0,9,0
"1065",201000,24,4,3,0,10,1
"1066",210000,19,3,2.5,0,10,0
"1067",200000,20,4,2.5,0,12,0
"1068",190000,26,4,3,0,11,1
"1069",85000,11,2,2,0,15,0
"1070",115000,11,2,1,0,39,0
"1071",169000,9,3,1,1,97,1
"1072",107000,13,3,2,0,6,0
"1073",107990,15,4,2,0,0,0
"1074",172500,18,3,2,1,20,0
"1075",165000,16,4,2,1,10,0
"1076",185000,22,4,2.5,1,13,0
"1077",151500,14,3,2,1,15,0
"1078",197000,21,3,2,1,11,0
"1079",229000,18,3,2,1,12,0
"1080",81000,12,3,2,0,18,0
"1081",90000,14,3,2,0,18,0
"1082",77265,13,3,2,0,17,0
"1083",79000,13,3,2,0,16,0
"1084",75000,14,3,2,0,16,0
"1085",86000,14,3,2,0,16,0
"1086",96000,14,3,2,0,16,0
"1087",83500,12,3,2,0,15,0
"1088",85000,12,3,2,0,16,0
"1089",75000,12,3,2,0,15,0
"1090",88000,13,3,2,0,11,0
"1091",89900,13,3,2,0,9,0
"1092",83500,12,4,2,0,13,0
"1093",53000,11,3,2,0,11,0
"1094",104000,15,4,2,0,9,0
"1095",77500,15,4,2,0,9,0
"1096",89000,12,3,2,0,9,0
"1097",89700,13,3,2,0,7,0
"1098",87000,13,3,2,0,7,0
"1099",85000,13,3,2,0,8,0
"1100",107000,16,3,2.5,0,9,0
"1101",107900,16,3,2.5,0,8,0
"1102",105000,16,3,2.5,0,8,0
"1103",142000,18,4,2.5,0,8,1
"1104",92500,11,3,2,0,8,0
"1105",113500,18,4,2.5,0,7,0
"1106",99001,13,3,2,0,6,0
"1107",115700,16,4,2,0,9,0
"1108",106950,12,3,2,0,0,0
"1109",106000,15,4,2,0,7,0
"1110",83000,15,3,2,0,7,0
"1111",128000,20,4,2.5,0,8,0
"1112",124000,15,3,2,0,8,1
"1113",92000,15,3,2,0,7,0
"1114",102500,15,3,2,0,8,0
"1115",105000,15,4,2,0,8,0
"1116",114950,17,4,2,0,8,1
"1117",129000,24,4,3,0,9,0
"1118",110000,18,4,2.5,0,8,0
"1119",86000,13,3,2,0,9,0
"1120",109900,17,3,2.5,0,7,1
"1121",138000,18,4,2.5,0,9,0
"1122",106000,16,3,2.5,0,8,0
"1123",96000,13,3,2,0,7,0
"1124",97250,13,3,2,0,9,0
"1125",100000,14,3,2,0,8,0
"1126",80000,12,3,2,0,9,0
"1127",106000,21,4,2.5,0,6,0
"1128",125000,18,4,2.5,0,8,0
"1129",112000,18,3,2.5,0,7,0
"1130",114500,17,3,2.5,0,6,0
"1131",159000,22,4,3,0,7,0
"1132",109000,16,3,2,0,8,0
"1133",118500,14,4,2,0,7,0
"1134",136000,18,4,2.5,0,8,0
"1135",117950,18,4,2.5,0,7,0
"1136",113000,14,4,2,0,7,0
"1137",87000,17,4,2.5,0,7,0
"1138",127500,19,4,3,0,8,0
"1139",110000,16,3,2,0,7,0
"1140",89950,10,2,1,0,23,0
"1141",142000,21,4,3,0,3,0
"1142",100000,14,3,2.5,0,13,0
"1143",84000,11,3,2,0,12,0
"1144",89000,14,3,2.5,0,10,0
"1145",103000,14,3,2.5,0,10,0
"1146",101200,21,4,2.5,0,11,0
"1147",105113,13,3,2.5,0,9,0
"1148",89000,13,3,2,0,10,0
"1149",90000,14,3,2.5,0,9,0
"1150",85000,10,3,2,0,8,0
"1151",123500,14,3,2,0,8,0
"1152",139000,24,4,2.5,0,8,0
"1153",99750,15,3,2,0,8,0
"1154",132000,20,4,2.5,0,9,0
"1155",122000,18,4,2,0,9,0
"1156",157950,20,4,2.5,0,7,0
"1157",110500,15,3,2,0,7,0
"1158",116500,15,3,2,0,9,0
"1159",121950,15,3,2,0,9,0
"1160",117000,15,3,2,0,9,0
"1161",95000,20,4,2.5,0,8,0
"1162",150000,24,4,3,0,8,0
"1163",107000,15,3,2,0,8,0
"1164",109000,18,3,2,0,8,0
"1165",148000,22,4,3,0,8,0
"1166",92000,13,3,2,0,6,0
"1167",88500,11,3,2,0,6,0
"1168",95000,13,3,2,0,7,0
"1169",99000,10,3,2,0,6,0
"1170",117000,16,4,2,0,6,0
"1171",99000,10,3,2,0,4,0
"1172",122960,14,4,2,0,6,1
"1173",90500,11,3,2,0,5,0
"1174",105000,10,3,2,0,3,0
"1175",102000,15,4,2.5,0,7,0
"1176",94000,14,3,2.5,0,6,0
"1177",92000,13,3,2,0,7,0
"1178",98000,13,3,2,0,3,0
"1179",99550,16,3,2,0,4,0
"1180",110000,17,4,2.5,0,4,0
"1181",109500,13,3,2,0,4,0
"1182",109722,18,3,2,0,7,0
"1183",165000,26,5,3,0,8,0
"1184",125000,23,4,2.5,0,7,0
"1185",175000,26,5,3,0,8,0
"1186",145000,19,4,2.5,0,5,0
"1187",136900,19,4,2.5,0,6,1
"1188",98000,13,3,2,0,5,0
"1189",110000,16,4,2.5,0,5,0
"1190",117751,16,4,2,0,4,0
"1191",113000,13,3,2,0,2,0
"1192",113000,16,4,2.5,0,4,0
"1193",89950,10,3,2,0,3,0
"1194",105000,15,4,2,1,3,0
"1195",128500,17,3,2.5,0,2,0
"1196",106950,11,3,2,0,3,0
"1197",105500,15,4,2,0,0,0
"1198",113500,15,3,2,0,0,0
"1199",145000,17,4,3,0,0,0
"1200",225000,24,4,2,0,32,0
"1201",162000,23,3,3,0,36,0
"1202",134950,15,3,2,0,38,0
"1203",132000,15,3,2,0,40,0
"1204",72500,11,3,1,0,42,0
"1205",92500,13,3,1,0,41,0
"1206",146500,20,3,2,0,39,0
"1207",107900,13,3,2,0,41,0
"1208",212500,25,4,3,0,32,0
"1209",123000,19,3,3,0,38,0
"1210",250000,24,5,2.5,1,38,0
"1211",152000,19,4,3,0,38,0
"1212",107000,14,3,2,0,39,0
"1213",118000,15,3,2,0,39,0
"1214",181000,18,3,2,0,43,1
"1215",127000,16,3,2,0,43,0
"1216",122000,15,3,2,0,42,0
"1217",121500,18,3,2,0,44,0
"1218",97000,14,3,1,0,43,0
"1219",79500,10,3,1,0,45,0
"1220",80000,10,3,1,0,45,0
"1221",75000,12,3,1,0,45,0
"1222",89100,11,3,1,0,43,0
"1223",72900,13,3,1,0,43,0
"1224",83500,11,3,1,0,41,0
"1225",89550,13,4,2,0,42,0
"1226",83500,11,3,1,0,42,0
"1227",78500,11,3,1,0,44,0
"1228",88000,11,3,1,0,45,0
"1229",74000,11,3,1,0,44,0
"1230",84500,11,3,1,0,44,0
"1231",72900,11,3,1,0,44,0
"1232",102000,12,3,2,0,46,0
"1233",49950,10,3,1,0,47,0
"1234",82500,11,3,1,0,46,0
"1235",67000,9,2,1,0,46,0
"1236",82000,12,3,1,0,47,0
"1237",131000,15,3,2,0,36,0
"1238",145000,18,4,2,0,34,0
"1239",191000,22,5,3,0,39,0
"1240",142000,21,3,2.5,0,41,1
"1241",132000,17,3,2,0,38,0
"1242",146250,16,3,2,0,31,0
"1243",128000,20,4,2,0,46,0
"1244",95000,13,3,1,0,45,0
"1245",75050,12,3,1,0,45,0
"1246",81500,15,3,1,0,45,0
"1247",57900,10,3,1,0,46,0
"1248",86000,15,4,2,0,48,0
"1249",87000,11,3,1,0,44,0
"1250",86000,20,3,2,0,44,0
"1251",107500,20,4,2,0,27,0
"1252",95000,18,3,2,0,45,0
"1253",70000,12,3,1,0,46,0
"1254",79950,11,2,1,0,47,0
"1255",53950,9,2,1,0,46,0
"1256",82500,9,2,1,0,48,0
"1257",99000,18,3,2,0,46,0
"1258",84000,9,2,1,0,47,0
"1259",105000,12,2,1,0,47,0
"1260",96950,11,2,1,0,46,0
"1261",137000,20,3,1.5,0,45,0
"1262",160000,18,3,2,0,46,0
"1263",200000,24,3,2,0,39,0
"1264",138000,16,3,2,0,43,0
"1265",115000,14,3,1.5,0,48,0
"1266",136000,18,3,2,0,45,0
"1267",136000,15,3,2,0,47,0
"1268",104950,14,3,1,0,47,0
"1269",130925,19,3,2,0,38,0
"1270",234000,33,4,2.5,0,17,1
"1271",119950,20,4,2.5,0,20,0
"1272",121950,19,3,2,0,15,0
"1273",134000,22,5,3,0,21,0
"1274",117000,16,3,2,0,21,1
"1275",107500,16,3,2,0,22,0
"1276",103000,16,3,2,0,13,0
"1277",77000,18,3,2,0,21,0
"1278",105000,18,3,2,0,22,1
"1279",172500,30,5,3.5,0,21,0
"1280",173500,19,3,2,0,20,0
"1281",169500,22,5,3,0,19,0
"1282",166000,18,3,2,0,21,0
"1283",245000,23,5,2.5,0,21,0
"1284",375000,40,4,2.5,0,17,1
"1285",133500,13,3,2,0,21,0
"1286",142000,16,3,2,0,20,0
"1287",179950,22,4,2.5,0,21,0
"1288",137500,17,3,2,0,22,0
"1289",183000,24,5,3,0,24,0
"1290",144000,14,3,2,0,21,0
"1291",205000,26,5,2.5,0,19,0
"1292",337000,30,4,2.5,0,17,1
"1293",161000,21,4,2.5,0,22,0
"1294",144000,16,3,2,0,19,0
"1295",297500,36,4,2.5,0,17,0
"1296",305000,29,4,2.5,0,19,0
"1297",253000,24,3,2,0,16,0
"1298",385000,40,4,3.5,0,16,0
"1299",185000,16,3,2,0,19,0
"1300",119000,14,3,2,0,19,0
"1301",118000,15,3,2,0,19,0
"1302",159500,19,4,2.5,0,17,0
"1303",260000,30,6,3.5,0,18,0
"1304",168500,15,2,2,0,18,0
"1305",157900,19,4,3,0,19,0
"1306",121500,14,3,2,0,17,0
"1307",130000,14,3,2,0,18,0
"1308",395000,49,5,6.5,0,7,0
"1309",259500,23,4,2.5,0,29,0
"1310",220000,23,4,2.5,0,28,0
"1311",173000,21,4,3,0,29,0
"1312",149500,19,3,2.5,0,17,0
"1313",208500,21,3,2,0,22,0
"1314",298000,35,4,3.5,0,17,0
"1315",153000,18,3,2,0,22,0
"1316",131000,16,3,2,0,23,0
"1317",189000,17,3,2,0,26,0
"1318",126000,21,3,2,0,28,0
"1319",195000,20,4,2,0,28,0
"1320",195000,26,2,3,0,20,0
"1321",138250,20,3,2,0,25,0
"1322",177500,18,2,3,0,26,0
"1323",315000,34,3,3,0,16,0
"1324",362500,31,4,3.5,0,17,0
"1325",282000,21,3,2,0,22,0
"1326",285000,30,5,3,0,24,0
"1327",232800,21,3,2,0,24,0
"1328",169900,23,3,2.5,0,24,0
"1329",350000,30,4,3,0,25,0
"1330",275000,23,4,2.5,0,22,0
"1331",143500,17,3,2,0,24,0
"1332",143000,23,5,3,0,23,0
"1333",86950,13,3,2,0,22,0
"1334",94000,13,3,2,0,23,0
"1335",93000,13,3,2,0,22,0
"1336",140000,20,5,3,0,22,0
"1337",99910,13,3,2,0,19,0
"1338",129000,17,4,2,0,23,0
"1339",107500,16,3,2,0,23,0
"1340",161000,20,4,2,0,22,0
"1341",170000,19,4,2,0,24,0
"1342",137000,16,3,2,0,25,0
"1343",130000,17,3,2,0,23,1
"1344",80000,14,3,2,0,25,0
"1345",82500,14,4,2,0,26,0
"1346",104000,18,4,2.5,0,21,0
"1347",105500,14,3,2,0,21,0
"1348",104000,13,3,2,0,22,0
"1349",63900,10,2,1,0,23,0
"1350",57500,9,2,1,0,27,0
"1351",68500,13,3,1.5,0,25,0
"1352",56000,9,2,1,0,25,0
"1353",178000,23,3,3,0,26,0
"1354",230000,24,4,2.5,0,25,0
"1355",134000,18,3,2,0,25,0
"1356",131500,17,3,2,0,27,0
"1357",132900,14,3,2,0,27,0
"1358",145000,19,3,2,0,30,0
"1359",119000,15,3,2,0,29,0
"1360",126500,15,3,2,0,32,0
"1361",149000,18,4,2,0,26,1
"1362",126000,16,3,6.5,0,25,0
"1363",171000,20,3,2,0,19,1
"1364",98950,11,3,2,0,13,0
"1365",100000,12,3,2,0,12,0
"1366",160000,22,4,2.5,0,10,0
"1367",124900,15,3,2,0,14,0
"1368",118000,13,3,2,0,14,0
"1369",115000,12,3,2,0,13,0
"1370",123900,15,3,2,0,13,0
"1371",109000,12,3,2,0,13,0
"1372",92500,12,3,2,0,11,0
"1373",105000,12,3,2,0,12,0
"1374",107000,12,3,2,0,13,0
"1375",96000,12,3,2,0,13,0
"1376",82500,10,2,2,0,12,0
"1377",100500,12,3,2,0,11,0
"1378",115000,12,3,2,0,13,0
"1379",185000,14,3,2,1,32,0
"1380",137500,19,3,2,1,41,0
"1381",200000,19,3,2.5,1,1,0
"1382",109000,10,2,1,1,50,0
"1383",133000,17,3,2,0,37,0
"1384",87000,10,3,1,0,39,0
"1385",87500,10,3,1,0,37,0
"1386",94500,11,3,2,0,37,0
"1387",90000,11,3,1.5,0,36,0
"1388",84500,11,3,2,0,36,0
"1389",95000,14,3,2,0,21,0
"1390",105000,12,3,2,0,23,0
"1391",108000,14,3,2,0,33,0
"1392",109950,19,3,3,0,32,0
"1393",105000,17,4,2,0,33,0
"1394",87000,13,3,2,0,30,0
"1395",73500,11,3,2,0,29,0
"1396",85000,14,3,2,0,31,1
"1397",123950,20,4,3,0,32,0
"1398",95000,14,3,2,0,31,0
"1399",74900,10,3,1,0,35,0
"1400",74900,9,2,1,0,33,0
"1401",107000,16,2,2,0,37,0
"1402",97500,15,3,2,0,38,0
"1403",105000,14,3,2,0,38,0
"1404",100000,14,4,2,0,35,0
"1405",85000,15,2,1.5,0,36,0
"1406",98000,16,3,2,0,34,0
"1407",94500,14,3,2,0,38,0
"1408",84000,14,3,2,0,38,0
"1409",94950,13,3,2,0,36,0
"1410",125000,15,3,2,0,37,0
"1411",114025,15,3,2,0,39,0
"1412",89950,15,3,2,0,39,0
"1413",66000,15,3,2,0,40,0
"1414",96000,12,3,1.5,0,40,0
"1415",69900,16,3,2,0,38,0
"1416",94950,13,3,1.5,0,37,0
"1417",134000,30,4,3,0,42,0
"1418",156500,18,3,2,0,37,0
"1419",83000,15,3,2.5,0,18,0
"1420",107000,15,3,2,0,41,0
"1421",78000,10,3,1,0,40,0
"1422",96400,11,3,2,0,40,0
"1423",100000,11,3,2,0,39,0
"1424",117000,24,3,2.5,0,40,0
"1425",85000,12,3,2,0,38,0
"1426",83600,13,3,2,0,35,0
"1427",90000,12,3,2,0,37,0
"1428",92750,13,3,1,0,38,0
"1429",100000,17,4,2,0,37,0
"1430",74000,13,3,2,0,36,0
"1431",91000,13,3,2,0,35,0
"1432",92000,13,3,2,0,34,0
"1433",84000,12,3,2,0,34,0
"1434",74500,10,3,1,0,35,0
"1435",69000,9,3,1,0,40,0
"1436",95000,14,3,2,0,41,0
"1437",78000,10,3,1,0,41,0
"1438",90600,14,3,2,0,41,0
"1439",116000,11,3,1,1,48,0
"1440",178000,20,3,2.5,1,25,0
"1441",97000,12,3,2,0,26,0
"1442",115000,11,2,1,1,31,0
"1443",99500,10,2,1,0,57,0
"1444",96000,12,3,1,0,50,0
"1445",275500,28,3,3,1,4,0
"1446",160000,15,3,2,1,24,0
"1447",92000,11,3,2,0,13,0
"1448",86950,13,3,2,0,11,0
"1449",95000,11,3,2,0,13,0
"1450",79915,14,3,2,0,9,0
"1451",101000,16,3,2,0,32,0
"1452",97000,15,3,2,0,34,0
"1453",91000,18,3,2,0,33,0
"1454",82000,16,2,2,1,22,0
"1455",85000,18,3,2,0,20,0
"1456",83000,14,3,2,0,20,0
"1457",107500,16,4,2,0,20,0
"1458",125000,19,4,3,0,18,0
"1459",84900,17,4,2,0,17,0
"1460",91500,14,3,2,0,17,0
"1461",91500,19,3,2.5,0,20,0
"1462",89500,17,3,2,0,19,0
"1463",72900,12,3,2,0,35,0
"1464",81000,12,3,2,0,35,0
"1465",60000,11,3,2,0,15,0
"1466",69950,11,3,1.5,0,33,0
"1467",86500,11,3,2,0,9,0
"1468",95000,15,3,2,0,41,0
"1469",135000,15,2,1,0,47,0
"1470",165000,22,3,2.5,0,44,0
"1471",129000,14,3,2,0,48,0
"1472",120000,16,2,2,0,46,0
"1473",130000,16,3,2,0,35,0
"1474",120000,16,3,2,0,44,0
"1475",191000,25,4,3,0,44,0
"1476",230000,28,4,3,0,37,0
"1477",70000,10,3,1,0,51,1
"1478",110000,18,3,2,0,42,0
"1479",76500,10,3,1,0,50,0
"1480",80000,21,3,3,0,44,0
"1481",87000,16,4,2,0,20,0
"1482",158000,25,3,3,0,21,0
"1483",115000,21,4,2,0,19,0
"1484",129950,18,4,2,0,18,0
"1485",142650,21,4,2.5,0,20,0
"1486",113000,15,3,2,0,19,0
"1487",110000,18,3,3,0,20,0
"1488",123000,20,3,2.5,0,16,0
"1489",128600,20,3,2.5,0,17,0
"1490",179950,19,3,2.5,0,19,0
"1491",117500,14,3,2,0,18,0
"1492",110000,14,3,2,0,15,0
"1493",120000,18,3,2,0,19,0
"1494",125000,20,4,2,0,19,0
"1495",230000,31,4,3,0,19,0
"1496",170000,21,4,2.5,0,20,0
"1497",149000,25,5,3,0,21,0
"1498",187000,20,3,2.5,0,40,0
"1499",186635,16,3,2,0,35,0
"1500",385000,43,3,3,1,38,0
"1501",230000,29,4,3,0,33,0
"1502",451584,35,3,4.5,0,33,0
"1503",320000,20,3,2,1,40,0
"1504",262000,25,3,3,0,43,1
"1505",325000,57,6,4,0,22,1
"1506",175000,20,3,2,0,41,1
"1507",131000,16,4,2,0,42,0
"1508",82000,10,3,1,0,45,0
"1509",99000,14,3,2,0,42,0
"1510",225000,23,4,3,0,16,1
"1511",87500,14,3,1,0,44,0
"1512",71000,10,2,1,0,44,0
"1513",70000,10,2,1,0,45,0
"1514",85900,16,2,2,0,45,0
"1515",96000,11,3,1,0,45,0
"1516",70000,19,4,2,0,42,0
"1517",71000,9,2,1,0,44,0
"1518",97400,14,3,2,0,44,0
"1519",99950,10,3,1,0,42,0
"1520",87500,13,3,1,0,46,0
"1521",99950,19,3,3,0,34,0
"1522",73000,8,2,1,0,46,0
"1523",70500,12,3,1,0,47,0
"1524",41000,9,2,1,0,45,0
"1525",88000,13,3,1.5,0,46,0
"1526",78000,9,2,1,0,43,0
"1527",83000,10,2,1,0,46,0
"1528",88000,10,3,1,0,40,0
"1529",67000,9,2,1,0,46,0
"1530",65000,9,2,1,0,45,0
"1531",90000,19,3,2,0,31,0
"1532",78000,10,2,1,0,46,0
"1533",53000,10,2,1,1,25,0
"1534",72000,13,3,1.5,0,45,0
"1535",130000,18,3,2,0,39,1
"1536",84500,12,3,1,0,40,0
"1537",102000,16,4,2,0,28,0
"1538",78000,8,2,1,0,47,0
"1539",90000,10,3,1,0,47,0
"1540",80000,10,3,1,0,46,0
"1541",80000,13,3,1,0,46,0
"1542",94000,10,3,1,0,42,0
"1543",101500,16,3,1.5,0,31,0
"1544",133000,14,4,2,0,36,0
"1545",140000,18,3,2,1,32,0
"1546",84000,12,3,2,0,33,0
"1547",103500,13,3,2,0,33,0
"1548",95000,21,3,2,0,42,0
"1549",83000,10,3,1,0,47,0
"1550",95000,15,3,2,0,47,0
"1551",79950,10,3,1,0,42,0
"1552",137000,16,3,2,0,18,1
"1553",185000,22,4,2.5,0,17,0
"1554",245000,21,3,2,0,14,0
"1555",153000,22,3,2,0,18,0
"1556",109000,14,3,2,0,17,0
"1557",118000,16,3,2,0,17,0
"1558",103000,16,3,2,0,18,0
"1559",197000,20,3,2,0,15,0
"1560",250000,39,4,3,0,13,1
"1561",241000,23,3,3,0,15,0
"1562",260000,33,5,3,0,18,0
"1563",126500,17,3,2,0,16,0
"1564",121500,14,3,2,0,15,0
"1565",119000,16,3,2,0,15,0
"1566",140230,16,3,2,0,16,0
"1567",147500,20,3,2,0,13,0
"1568",113500,15,3,2,0,14,0
"1569",97000,12,2,2,0,16,0
"1570",107000,11,3,2,0,15,0
"1571",60000,14,3,2,0,43,0
"1572",134000,18,3,2,0,13,0
"1573",117000,17,3,2,0,10,0
"1574",117500,17,4,2,0,11,0
"1575",128000,17,4,2,0,10,0
"1576",134000,19,3,2,0,9,0
"1577",130000,17,3,2,0,47,0
"1578",79000,10,3,1,0,48,0
"1579",81000,13,3,1.5,0,44,0
"1580",94000,13,2,2,0,47,0
"1581",83000,13,2,1.5,0,46,0
"1582",85000,15,3,1,0,48,0
"1583",99950,13,3,1.5,0,45,0
"1584",67500,14,3,2,0,31,0
"1585",104000,13,3,2,0,32,0
"1586",65000,17,3,2,0,43,0
"1587",52000,11,3,2,0,46,0
"1588",79950,10,3,1,0,46,0
"1589",82000,10,3,1,0,41,0
"1590",96000,14,3,1,0,45,0
"1591",64900,9,2,1,0,46,0
"1592",200000,49,9,7,1,97,0
"1593",84500,14,3,1.5,0,47,0
"1594",76500,10,2,1,0,49,0
"1595",88500,10,2,1,0,50,0
"1596",123000,15,3,2,0,3,0
"1597",85000,12,3,1.5,0,47,0
"1598",59000,10,3,1,0,44,0
"1599",85300,11,3,2,0,44,0
"1600",76850,10,3,1,0,42,0
"1601",93000,13,3,1,0,43,0
"1602",98500,17,3,3,0,43,0
"1603",69900,9,2,1,0,45,0
"1604",67400,9,2,1,0,44,0
"1605",108000,13,3,2,0,47,0
"1606",64900,11,2,1,0,48,0
"1607",104000,13,3,2,0,49,0
"1608",112000,18,4,2,0,49,0
"1609",91200,11,3,1.5,0,49,0
"1610",83000,10,2,1,0,49,0
"1611",90000,20,3,2,0,51,0
"1612",89000,10,3,1,0,48,0
"1613",90000,12,3,1,0,46,0
"1614",90000,10,3,1,0,40,0
"1615",69000,10,2,1,0,48,0
"1616",91000,13,3,2,0,47,0
"1617",129000,25,4,2,0,47,0
"1618",69000,12,3,1,0,46,0
"1619",92000,15,3,2,0,48,0
"1620",89000,10,3,1,0,48,0
"1621",110000,15,3,2,0,47,0
"1622",73000,11,4,2,0,43,0
"1623",73900,11,3,2,0,41,0
"1624",69900,11,4,2,0,43,0
"1625",60000,9,3,1,0,43,0
"1626",74000,10,3,1,0,46,0
"1627",39500,10,2,1,0,47,0
"1628",67000,10,3,1,0,46,0
"1629",54000,10,3,1,0,46,0
"1630",100000,13,3,1,0,47,1
"1631",65000,10,2,1,0,48,0
"1632",85000,14,2,2,0,47,0
"1633",105000,15,3,2,0,48,0
"1634",72000,10,2,1,0,49,0
"1635",62500,9,2,1,0,48,0
"1636",82000,11,3,1,0,49,0
"1637",75000,10,2,1,0,48,0
"1638",66000,11,3,2,0,46,0
"1639",115000,17,3,2,0,54,0
"1640",82000,11,3,1.5,0,54,0
"1641",93950,14,4,2,0,47,0
"1642",110000,15,3,2,0,51,0
"1643",75000,8,2,1,0,55,0
"1644",70050,12,2,1,0,54,0
"1645",86000,10,2,1.5,0,55,0
"1646",89950,12,2,1,0,43,0
"1647",105000,15,3,1.5,0,39,0
"1648",113500,17,3,2,0,55,0
"1649",85000,14,2,1,0,50,0
"1650",82500,14,3,1.5,0,45,0
"1651",68000,11,2,2,0,42,0
"1652",88000,10,3,1,0,55,0
"1653",75000,11,3,1,0,50,0
"1654",87500,13,3,1.5,0,49,0
"1655",85000,11,2,1,0,52,0
"1656",115000,15,4,2,0,55,0
"1657",64000,9,2,1,0,54,0
"1658",75000,10,3,2,0,50,0
"1659",83000,10,3,1,0,41,0
"1660",74900,15,4,1,0,53,0
"1661",85000,13,3,2,0,20,0
"1662",98950,12,3,2,0,20,0
"1663",230000,24,3,2.5,0,10,0
"1664",267000,28,4,2.5,0,12,0
"1665",215833,18,3,2,0,14,0
"1666",280000,30,5,3,0,13,0
"1667",137000,23,5,3,0,16,0
"1668",120000,13,3,2,0,16,1
"1669",154000,13,2,2,0,17,0
"1670",175000,16,2,2,0,15,0
"1671",183900,20,4,2,0,15,0
"1672",180000,16,3,2,0,14,0
"1673",160000,23,3,2.5,0,16,0
"1674",170000,19,3,2,0,15,1
"1675",184000,23,3,2,0,17,1
"1676",267500,29,4,3,0,10,1
"1677",171100,18,3,2,0,15,0
"1678",225000,20,3,2,0,14,0
"1679",195000,26,3,2.5,0,13,1
"1680",315000,31,4,2.5,0,14,0
"1681",150000,16,3,2,0,14,0
"1682",148000,18,3,2,0,12,0
"1683",188500,25,4,3,0,16,1
"1684",167000,22,4,3,0,12,0
"1685",141600,17,3,2,0,19,0
"1686",135000,17,3,2,0,18,1
"1687",170000,17,3,2,0,19,1
"1688",140000,18,4,2.5,0,19,1
"1689",345000,33,4,2.5,0,17,0
"1690",250000,25,4,2.5,0,17,0
"1691",214250,25,3,3,0,19,0
"1692",229950,27,6,3,0,19,0
"1693",190000,20,3,2.5,0,18,0
"1694",147000,19,3,2,0,17,0
"1695",227000,24,4,2,0,17,0
"1696",189000,23,4,3,0,19,0
"1697",209500,22,4,3,0,19,0
"1698",140000,18,3,2,0,17,0
"1699",180000,24,4,2,0,17,0
"1700",134000,15,3,2,0,18,0
"1701",132950,18,4,2,0,18,0
"1702",130000,19,4,3,0,17,0
"1703",135000,18,4,2,0,18,0
"1704",200000,21,3,2,0,19,0
"1705",282500,30,4,2.5,0,19,0
"1706",190000,15,2,2,0,19,0
"1707",175000,17,3,2,0,20,0
"1708",143000,24,5,3,0,18,0
"1709",169000,21,4,2,0,20,0
"1710",108000,13,3,2,0,21,0
"1711",142000,18,3,2,0,20,0
"1712",114000,18,4,2,0,21,0
"1713",131000,15,3,2,0,19,0
"1714",142850,18,4,2.5,0,19,0
"1715",140000,22,5,3,0,20,0
"1716",137000,17,3,2,0,20,0
"1717",103998,15,3,2,0,19,0
"1718",81700,13,3,2,0,20,0
"1719",106950,12,3,2,0,22,0
"1720",130000,19,4,2.5,0,21,0
"1721",120150,14,3,2,0,19,0
"1722",130000,17,3,2,0,21,0
"1723",139000,17,4,2.5,0,21,0
"1724",99000,13,3,2,0,20,0
"1725",165000,17,3,2,0,22,0
"1726",114000,13,3,2,0,20,0
"1727",297500,29,3,2,0,19,0
"1728",183000,22,3,2,0,19,1
"1729",168500,16,3,2,0,19,0
"1730",229000,21,3,3,0,20,0
"1731",200000,19,3,2.5,0,18,0
"1732",192500,16,3,2,0,18,0
"1733",220000,20,3,2,0,18,1
"1734",166000,22,3,2.5,0,17,0
"1735",245000,31,3,2.5,0,17,0
"1736",165000,20,3,2,1,17,0
"1737",117300,13,2,1,0,49,0
"1738",117500,20,3,2.5,0,49,1
"1739",104500,11,3,2,0,46,0
"1740",108000,13,3,1.5,0,46,0
"1741",130000,16,3,2,0,49,0
"1742",159950,25,3,3,0,50,0
"1743",137000,17,3,2,0,50,0
"1744",155850,17,4,2,0,50,0
"1745",230000,30,3,3,0,41,0
"1746",238000,30,4,3,0,48,0
"1747",87750,23,3,2.5,0,50,0
"1748",205000,22,4,2,0,45,1
"1749",152000,21,3,1.5,0,52,0
"1750",88500,12,2,1,0,45,0
"1751",98000,10,2,1,0,49,0
"1752",100000,11,2,1,0,50,0
"1753",108500,10,2,1,0,50,0
"1754",98700,11,2,1,0,66,0
"1755",107500,10,2,1,0,51,0
"1756",103500,13,3,2,0,47,0
"1757",112500,12,2,1,0,48,0
"1758",125000,19,3,1.5,0,57,0
"1759",102500,11,2,1,0,49,0
"1760",95000,21,4,2,0,48,0
"1761",96500,16,4,2,0,50,0
"1762",110000,14,2,2,0,50,0
"1763",155000,22,3,2,0,49,0
"1764",118000,14,3,1.5,0,50,0
"1765",116000,13,3,1,0,51,0
"1766",60000,10,2,1,0,51,0
"1767",285000,31,4,3,0,51,1
"1768",149500,16,3,1.5,0,59,0
"1769",200000,25,3,3,0,49,0
"1770",165000,26,3,2.5,0,45,0
"1771",190000,18,3,2.5,0,49,0
"1772",225000,26,4,3.5,0,66,0
"1773",120000,14,2,1,0,66,0
"1774",150000,19,3,2,0,69,0
"1775",300000,28,3,2.5,0,75,1
"1776",198500,22,4,2.5,0,61,0
"1777",295000,26,3,3,0,73,0
"1778",245000,22,3,2,0,59,0
"1779",307750,31,4,3,0,61,1
"1780",128000,14,2,1,0,57,0
"1781",265000,26,4,3,0,72,0
"1782",197500,20,3,2,0,61,0
"1783",121750,15,2,1,0,61,0
"1784",122000,15,2,1,0,64,0
"1785",89500,16,3,2,0,62,0
"1786",80000,11,3,1.5,0,74,0
"1787",124500,14,2,1,0,78,0
"1788",92000,10,2,1,0,52,0
"1789",149500,18,4,2,0,52,0
"1790",102000,10,2,1,0,80,0
"1791",115000,12,3,1,0,72,0
"1792",105000,10,2,1,0,73,0
"1793",107000,13,2,1,0,73,0
"1794",129000,15,3,1,1,71,0
"1795",112000,15,3,2,0,57,0
"1796",122750,14,3,2,0,78,0
"1797",104500,16,3,1.5,0,58,0
"1798",225000,42,4,3,0,57,0
"1799",104500,12,2,1,0,62,0
"1800",131000,13,2,1,0,58,0
"1801",162500,18,3,2,0,79,0
"1802",90000,17,3,2,0,57,0
"1803",121000,14,3,2,0,48,0
"1804",120000,18,2,2,0,49,0
"1805",139000,21,3,2,0,47,0
"1806",122500,19,3,1.5,0,61,0
"1807",119900,18,2,2,0,61,0
"1808",120000,14,2,1,0,62,0
"1809",145000,18,3,2,0,56,0
"1810",134000,18,2,1.5,0,59,0
"1811",100000,13,2,2,0,43,0
"1812",182000,23,3,1.5,0,85,0
"1813",137000,18,3,2.5,0,77,0
"1814",133000,21,4,2,0,79,0
"1815",118000,12,2,1,0,74,0
"1816",71500,11,2,1,0,80,0
"1817",68000,12,2,1,0,78,0
"1818",119000,12,3,2,0,42,0
"1819",169500,22,5,3,0,15,0
"1820",150000,15,3,2,0,18,0
"1821",159000,17,3,2,1,18,0
"1822",145000,17,3,2,0,13,0
"1823",138000,14,3,2,0,15,0
"1824",124950,14,3,2,0,15,0
"1825",164501,19,4,2,0,15,0
"1826",172500,21,4,2.5,0,15,0
"1827",110000,14,2,2,0,14,0
"1828",149900,19,4,2,0,14,0
"1829",142500,18,3,2,0,14,0
"1830",150000,18,4,2,0,16,0
"1831",119000,14,3,2,0,13,0
"1832",146000,16,4,2,0,14,0
"1833",121250,16,4,2,0,15,0
"1834",119000,14,3,2,0,14,0
"1835",115000,15,3,2,0,14,0
"1836",147000,15,3,2,0,6,0
"1837",154950,15,3,2,0,7,0
"1838",160000,18,3,2.5,0,6,0
"1839",173000,19,3,2.5,0,5,0
"1840",146500,15,3,2,0,7,0
"1841",178500,21,4,3,0,6,0
"1842",185500,21,4,3,0,6,0
"1843",163000,17,3,2,0,6,0
"1844",128000,15,3,2,0,6,0
"1845",154000,15,2,2,0,6,0
"1846",152900,15,3,2,0,6,0
"1847",158500,18,3,2.5,0,5,0
"1848",390000,30,4,3.5,0,4,0
"1849",230000,21,3,3,0,4,0
"1850",355000,45,5,4,0,5,0
"1851",285000,22,3,2.5,0,7,0
"1852",362500,29,4,3,0,6,0
"1853",465000,37,4,4.5,0,6,0
"1854",220000,20,3,3,0,3,0
"1855",242500,24,3,3,0,2,0
"1856",232000,20,3,2,0,4,0
"1857",740000,54,5,3.5,1,4,0
"1858",283500,26,4,3,0,5,0
"1859",355000,31,4,3.5,0,4,0
"1860",253000,22,3,3,0,5,0
"1861",250000,21,3,3,0,5,0
"1862",395000,32,4,4,0,6,0
"1863",425000,29,3,2.5,0,5,0
"1864",432000,29,3,2.5,0,6,0
"1865",525000,40,5,4,0,4,0
"1866",291500,29,4,3.5,0,5,0
"1867",340000,28,4,3,0,5,0
"1868",207500,19,2,2,0,1,0
"1869",196500,16,3,2,0,2,0
"1870",275000,22,3,3,0,5,0
"1871",215000,24,4,3,0,3,0
"1872",155000,16,3,2,0,6,0
"1873",167000,18,3,2.5,0,4,0
"1874",166000,18,3,2.5,0,4,0
"1875",120000,11,3,2,0,5,0
"1876",117500,12,3,2,0,4,0
"1877",110000,11,2,2,0,5,0
"1878",125000,16,3,2.5,0,4,0
"1879",500000,43,5,3.5,0,1,0
"1880",235000,20,3,2,0,0,0
"1881",185000,15,2,2,0,0,0
"1882",269950,23,4,3,0,2,0
"1883",127000,14,3,2.5,0,2,0
"1884",240000,30,4,2.5,0,2,0
"1885",80000,10,3,1,0,43,0
"1886",110000,21,4,3,0,69,0
"1887",84500,15,3,2,0,73,0
"1888",180000,16,3,3.5,0,73,0
"1889",144000,18,3,1.5,0,63,0
"1890",86000,8,2,1,0,35,0
"1891",78000,8,2,1,0,47,0
"1892",62000,8,2,1,0,46,0
"1893",90000,23,4,2,0,47,0
"1894",77500,10,3,1,0,46,0
"1895",89500,12,3,1.5,0,46,0
"1896",75000,9,2,1,0,47,0
"1897",82000,9,3,1,0,46,0
"1898",76805,8,2,1,0,47,0
"1899",72000,8,2,1,0,48,0
"1900",62500,8,2,1,0,48,0
"1901",76000,11,3,2,0,49,0
"1902",74000,8,2,1,0,51,0
"1903",83500,16,2,1,0,76,0
"1904",94000,12,3,2,0,22,0
"1905",87500,14,3,2,0,7,0
"1906",89950,14,2,2,0,47,0
"1907",75000,10,3,2,0,50,0
"1908",92000,11,3,1,0,36,0
"1909",81000,8,2,1,0,48,0
"1910",79500,10,3,1,0,46,0
"1911",91000,11,2,2,0,47,0
"1912",84000,8,2,1,0,47,0
"1913",95000,14,3,2,0,43,0
"1914",94500,10,2,1,0,46,0
"1915",82000,10,3,1,0,47,0
"1916",85000,10,3,1,0,48,0
"1917",90000,11,3,1,0,36,0
"1918",77000,11,3,1,0,46,0
"1919",125000,19,4,2,0,47,0
"1920",83000,8,2,1,0,48,0
"1921",88000,10,3,1,0,47,0
"1922",89950,11,3,1,0,51,0
"1923",71000,8,2,1,0,50,0
"1924",68500,8,2,1,0,49,0
"1925",75950,10,3,1,0,50,0
"1926",58000,9,2,1,0,51,0
"1927",75000,8,2,1,0,50,0
"1928",80000,9,2,1,0,13,0
"1929",62500,11,3,1,0,50,0
"1930",114950,14,3,2,0,0,0
"1931",129000,15,3,2,0,1,0
"1932",132500,14,3,2,0,2,0
"1933",142000,14,3,2,0,2,0
"1934",140000,14,3,2,0,2,0
"1935",155000,17,3,2,0,3,0
"1936",170000,19,3,2.5,0,6,0
"1937",186500,19,3,2,0,3,0
"1938",188500,20,4,2,0,4,0
"1939",158000,17,3,2,0,3,0
"1940",162000,15,2,2,0,7,0
"1941",219950,21,4,3,0,7,0
"1942",127000,12,3,2,0,3,0
"1943",100000,14,3,2,0,16,0
"1944",121500,16,4,2,0,16,0
"1945",148500,16,4,2,0,15,0
"1946",124400,15,3,2,0,12,0
"1947",359750,25,3,3,0,6,0
"1948",525000,35,4,4,0,2,0
"1949",279000,26,4,2.5,0,0,0
"1950",286300,26,4,2.5,0,0,0
"1951",222000,24,4,3,0,5,0
"1952",73000,12,3,1,0,48,0
"1953",88000,14,3,1.5,0,47,0
"1954",36000,9,2,1,0,52,0
"1955",75000,10,2,1,0,49,0
"1956",65000,9,2,1,0,46,0
"1957",70000,12,2,1,0,50,0
"1958",52500,11,2,1,0,52,0
"1959",36000,10,3,1,0,56,0
"1960",96150,17,3,2,0,42,0
"1961",62000,10,2,1,0,49,0
"1962",86000,12,2,2,0,51,0
"1963",69700,9,2,1,0,59,0
"1964",58000,13,3,2,0,77,0
"1965",60000,12,2,1,0,78,0
"1966",67500,10,2,1,0,51,0
"1967",45000,14,2,1,0,73,0
"1968",56000,11,2,1,0,52,0
"1969",54500,11,3,1,0,59,0
"1970",54500,9,2,1,0,67,0
"1971",68700,9,2,1.5,0,51,0
"1972",74555,9,3,1,0,47,0
"1973",41000,10,3,1,0,60,0
"1974",60000,11,2,1,0,45,0
"1975",81950,9,3,1,0,0,0
"1976",87500,12,3,2,0,2,0
"1977",125000,14,3,2,0,19,0
"1978",151000,17,3,2,0,15,0
"1979",141000,14,3,2,0,16,0
"1980",134500,14,3,2,0,17,0
"1981",150000,16,3,2,0,18,0
"1982",150000,19,3,2,0,18,0
"1983",181500,23,3,2.5,0,19,0
"1984",159000,19,3,2,0,18,0
"1985",182000,17,2,2,0,3,0
"1986",210000,19,2,2.5,0,5,0
"1987",186000,17,3,2,0,6,0
"1988",230000,16,2,2,0,6,0
"1989",335500,24,4,3,0,5,0
"1990",274000,23,4,3,0,4,0
"1991",497500,39,5,4.5,0,1,0
"1992",525000,41,4,3,0,0,0
"1993",415000,35,5,3,0,6,0
"1994",572500,45,5,4.5,0,0,0
"1995",436950,36,4,3.5,0,3,0
"1996",550000,39,4,3.5,0,2,0
"1997",264000,23,3,2.5,0,5,0
"1998",370000,32,4,3.5,0,4,0
"1999",250500,23,4,3,0,2,0
"2000",116900,11,3,2,0,4,0
"2001",120000,13,3,2,0,3,0
"2002",135000,13,3,2,0,5,0
"2003",149000,16,3,2.5,0,5,1
"2004",143000,16,3,2.5,0,6,0
"2005",127000,11,3,2,0,5,0
"2006",165000,17,3,2,0,14,0
"2007",180000,18,4,2,0,15,0
"2008",149000,15,3,2,0,16,1
"2009",159900,16,4,2,0,16,0
"2010",390000,33,4,3.5,0,1,0
"2011",365000,28,4,3,0,1,0
"2012",288299,24,4,2.5,0,0,0
"2013",35000,10,2,1,0,41,0
"2014",32000,9,2,1,0,57,0
"2015",30000,7,2,1,0,57,0
"2016",22000,7,1,1,0,50,0
"2017",55000,10,3,2,0,17,0
"2018",65000,11,3,1.5,0,77,0
"2019",73500,13,3,2,0,7,0
"2020",63000,15,3,2,0,53,0
"2021",32000,9,2,1,0,47,0
"2022",34000,10,2,1,0,51,0
"2023",110000,20,3,2.5,0,6,0
"2024",79950,16,5,2,0,86,0
"2025",92000,10,3,2,1,0,0
"2026",45000,8,2,1,0,42,0
"2027",54950,7,2,1,0,60,0
"2028",59400,8,2,1,0,58,0
"2029",63000,12,4,2.5,0,72,0
"2030",39000,11,2,1,0,51,0
"2031",81100,13,3,2,0,9,0
"2032",75000,12,3,1.5,0,7,0
"2033",77500,11,3,2,0,6,0
"2034",46200,10,2,1,0,48,0
"2035",35000,8,2,1,0,71,0
"2036",36300,12,3,1.5,0,19,0
"2037",145000,22,4,2,0,70,0
"2038",505000,32,3,3,0,41,0
"2039",100000,16,4,2,0,19,0
"2040",200000,32,6,3,0,38,0
"2041",239000,30,5,2,0,46,1
"2042",138000,25,4,2.5,0,24,0
"2043",69950,15,3,2,0,48,0
"2044",106000,10,3,1,0,41,0
"2045",95000,10,3,1,0,35,1
"2046",88900,10,3,1,0,35,0
"2047",96000,13,3,2,0,36,0
"2048",290000,24,4,3,0,37,0
"2049",94950,14,3,2,0,34,0
"2050",178000,24,4,2.5,0,21,1
"2051",122500,15,3,2,0,20,0
"2052",141000,23,5,3,0,21,0
"2053",370000,27,3,3,0,8,0
"2054",125000,16,4,2,0,10,0
"2055",62000,16,3,2,0,73,0
"2056",89000,10,3,1,0,70,0
"2057",90500,10,3,1,0,41,0
"2058",87500,10,3,1,0,41,0
"2059",95000,15,4,1.5,0,45,0
"2060",72500,11,2,2,0,48,0
"2061",84950,11,3,2,0,45,0
"2062",85600,16,3,2,0,42,0
"2063",47900,10,2,1,0,46,0
"2064",98000,10,3,2,0,0,0
"2065",39000,8,2,1,0,47,0
"2066",82500,8,2,1,0,47,0
"2067",57000,9,2,1,0,48,0
"2068",65500,11,2,2,0,49,0
"2069",82500,12,3,1,0,47,0
"2070",90000,10,3,1,0,36,0
"2071",194000,24,4,3.5,0,41,0
"2072",74950,8,2,1,0,52,0
"2073",81000,10,2,1,0,50,0
"2074",78000,12,3,1,0,50,0
"2075",80000,12,2,1,0,57,0
"2076",84500,10,2,1,0,49,0
"2077",61000,12,3,2,0,49,0
"2078",41000,7,1,1,0,49,0
"2079",71900,17,3,2,0,50,0
"2080",90000,12,3,1,0,48,0
"2081",73000,11,2,1,0,61,0
"2082",72000,12,2,1,0,50,0
"2083",86500,12,3,1,0,42,0
"2084",89000,13,3,1,0,43,0
"2085",78000,11,2,1,0,43,0
"2086",99000,17,3,2,0,45,0
"2087",88000,10,3,1.5,0,45,0
"2088",88000,13,3,2,0,49,0
"2089",74000,11,3,1,0,45,0
"2090",68500,11,2,1,0,51,0
"2091",78000,14,3,1,0,50,0
"2092",73000,10,2,1,0,51,0
"2093",64900,10,2,1,0,50,0
"2094",86500,12,2,1,0,51,0
"2095",105000,17,3,2,0,48,0
"2096",79500,13,2,1.5,0,48,0
"2097",76000,13,2,1,0,50,0
"2098",88200,10,2,1,0,51,0
"2099",79900,12,3,2,0,50,0
"2100",43000,10,2,1,0,50,0
"2101",97000,10,2,1,0,50,0
"2102",65000,8,2,1,0,58,0
"2103",52500,12,2,1,0,50,0
"2104",68500,12,3,1,0,53,0
"2105",67000,12,2,2,0,55,0
"2106",94000,15,3,2,0,50,0
"2107",112000,13,3,2,0,52,0
"2108",72500,10,2,1,0,51,0
"2109",85000,11,2,1,0,48,0
"2110",90000,11,2,1,0,58,0
"2111",85000,10,2,1,0,55,0
"2112",80000,12,2,1,0,56,0
"2113",75000,12,3,1,0,53,0
"2114",69000,9,2,1,0,51,0
"2115",105000,15,3,2,0,11,0
"2116",88000,12,3,2,0,10,0
"2117",115000,14,3,2,0,1,0
"2118",183000,23,3,3,0,57,0
"2119",141000,19,3,2,0,56,0
"2120",230000,29,3,3,0,73,0
"2121",260000,31,3,2.5,0,74,0
"2122",119500,19,3,1.5,0,53,0
"2123",75000,7,2,1,0,71,0
"2124",140000,22,4,1.5,0,73,0
"2125",105000,11,3,1,0,45,0
"2126",76000,13,2,1,0,60,0
"2127",52505,8,2,1,0,60,0
"2128",90750,13,2,1,0,82,0
"2129",123000,14,3,1.5,0,48,0
"2130",104000,11,2,1,0,57,0
"2131",117500,15,3,1,0,47,0
"2132",106000,12,2,1,0,55,0
"2133",102500,20,5,2,0,55,0
"2134",109500,13,2,1,0,57,0
"2135",115000,17,3,2,0,52,0
"2136",90000,11,2,1,0,52,0
"2137",88000,12,3,1,0,52,0
"2138",99000,12,2,2,0,51,0
"2139",82500,12,3,1,0,52,0
"2140",99950,10,3,1,0,54,0
"2141",85000,12,2,2,0,55,0
"2142",95000,16,3,1.5,0,56,0
"2143",118500,14,3,1,0,56,0
"2144",70000,12,2,1,0,59,0
"2145",127000,14,2,2,0,56,0
"2146",96000,13,3,1,0,75,0
"2147",71000,10,2,1,0,71,0
"2148",65000,12,3,1,0,51,0
"2149",76000,11,2,1.5,0,56,0
"2150",105000,16,4,2,0,87,0
"2151",47000,7,1,1,0,73,0
"2152",59000,8,2,1,0,72,0
"2153",63500,11,2,1,0,56,0
"2154",69900,11,2,1,0,59,0
"2155",74000,11,3,1,0,80,0
"2156",57000,8,2,1,0,83,0
"2157",74000,14,2,1,0,51,0
"2158",72500,10,2,1.5,0,73,0
"2159",66000,17,4,2,0,85,0
"2160",56000,9,2,1,0,52,0
"2161",82900,11,3,2,0,20,0
"2162",59800,9,2,1,0,55,0
"2163",72000,10,2,1.5,0,76,0
"2164",50000,8,2,1,0,0,0
"2165",59000,10,2,1,0,72,0
"2166",91500,21,2,2,0,56,0
"2167",77200,16,4,3,0,77,0
"2168",63000,13,2,1,0,88,0
"2169",67000,10,2,1,0,90,0
"2170",89950,11,2,1,0,78,0
"2171",99500,17,3,1.5,0,78,0
"2172",94000,15,3,2.5,0,78,0
"2173",208000,26,3,3.5,0,82,0
"2174",67000,12,2,1,0,63,0
"2175",70000,15,2,1,0,83,0
"2176",82500,13,2,1.5,0,83,0
"2177",55000,11,2,1,0,56,0
"2178",55000,9,3,1,0,55,0
"2179",59950,9,3,1,0,48,0
"2180",25000,8,2,1,0,49,0
"2181",59950,10,3,1,0,42,0
"2182",43000,8,2,1,0,50,0
"2183",40000,12,2,1,0,47,0
"2184",85000,16,3,1,0,47,0
"2185",81500,11,3,1,0,48,0
"2186",74000,10,3,1,0,47,0
"2187",89950,12,3,1,0,48,0
"2188",62500,11,2,1,0,41,0
"2189",60950,11,2,1,0,45,0
"2190",47100,10,2,1,0,45,0
"2191",74500,12,3,1,0,46,0
"2192",73000,8,2,1,0,57,0
"2193",75000,12,2,1,0,78,0
"2194",45000,7,2,1,0,49,0
"2195",42700,10,2,1,0,48,0
"2196",89000,13,3,2,0,5,0
"2197",45000,12,3,1,0,37,0
"2198",52000,13,2,1,0,68,0
"2199",88000,11,3,1,0,57,0
"2200",68000,10,2,1,0,59,0
"2201",70000,11,3,1,0,49,0
"2202",83000,12,3,1,0,52,0
"2203",85000,10,2,1,0,49,0
"2204",41000,10,2,1,0,97,0
"2205",89101,15,3,2,0,48,0
"2206",57890,10,2,1,0,57,0
"2207",92500,11,2,1,0,71,0
"2208",80000,10,2,1,0,67,0
"2209",59000,12,2,1,0,64,0
"2210",89000,19,3,1.5,0,56,0
"2211",122950,15,3,2,0,14,0
"2212",149950,17,3,2,0,14,0
"2213",105000,17,3,1.5,0,70,0
"2214",215000,18,3,2,0,70,0
"2215",152000,18,3,1,0,67,0
"2216",123000,23,4,2,0,66,0
"2217",79950,14,3,1,0,70,0
"2218",140000,18,3,1.5,0,73,0
"2219",82000,11,2,1,0,77,0
"2220",90000,11,2,1,0,73,0
"2221",99300,13,3,1,0,70,0
"2222",95000,14,3,1,0,70,0
"2223",89000,15,3,2,0,71,0
"2224",56500,13,3,1,0,74,0
"2225",112500,13,3,2,0,74,0
"2226",260000,25,3,3.5,0,68,0
"2227",108000,16,3,2,0,75,0
"2228",115000,17,3,1,0,67,0
"2229",129000,18,3,2,0,59,0
"2230",80000,11,2,1,0,70,0
"2231",79000,14,2,1,0,62,0
"2232",109950,13,3,1.5,0,57,0
"2233",87500,14,2,2,0,62,0
"2234",86500,10,2,1,0,80,0
"2235",70000,15,2,1,0,56,0
"2236",73000,15,3,2,0,75,0
"2237",76000,14,3,2,0,61,0
"2238",82500,9,2,1,0,68,0
"2239",65000,11,2,1,0,75,0
"2240",148345,21,3,2,0,68,0
"2241",174500,16,3,2,0,34,0
"2242",233450,32,3,2,0,63,0
"2243",59500,12,3,1,0,76,0
"2244",78700,11,2,1,0,74,0
"2245",81500,14,3,2,0,72,0
"2246",88950,12,3,1,0,72,0
"2247",140950,18,3,2,0,43,0
"2248",147500,22,3,1.5,0,48,0
"2249",99000,12,2,1,0,71,0
"2250",97000,13,2,2,0,72,0
"2251",71000,11,2,1,0,72,0
"2252",86500,12,2,1,0,76,0
"2253",102000,14,3,1,0,68,0
"2254",120000,18,3,1,0,68,0
"2255",120000,16,2,1,0,66,0
"2256",89000,14,3,2,0,75,0
"2257",92500,11,2,1,0,76,0
"2258",115000,16,3,2,0,73,0
"2259",109000,20,3,2,0,71,0
"2260",176000,20,4,2,0,73,0
"2261",127000,19,3,1.5,0,72,0
"2262",101000,12,2,1,0,67,0
"2263",79000,13,2,1,0,73,0
"2264",75500,13,2,1,0,71,0
"2265",69500,12,3,1,0,72,0
"2266",47000,15,4,1,0,69,0
"2267",108500,17,4,2,0,70,0
"2268",73500,17,3,2,0,66,0
"2269",88000,10,2,1,0,56,0
"2270",147000,25,4,1.5,0,76,0
"2271",98000,15,2,1,0,78,0
"2272",83950,19,4,2,0,79,0
"2273",99000,16,3,2,0,59,0
"2274",99000,15,2,1,0,69,0
"2275",85000,12,2,1,0,75,0
"2276",150000,18,3,2.5,0,9,0
"2277",105000,11,2,1,0,48,0
"2278",73500,9,2,1,0,42,0
"2279",167000,26,3,3,0,63,0
"2280",130000,18,3,2,0,70,0
"2281",97000,15,2,1,0,69,0
"2282",150000,20,3,2,0,49,0
"2283",107250,16,3,1,0,75,0
"2284",89950,18,3,2,0,73,0
"2285",80000,13,2,1,0,58,0
"2286",64000,8,1,1,0,67,0
"2287",70000,10,2,1,0,72,0
"2288",220000,41,6,3.5,0,49,0
"2289",108000,15,3,1,0,74,0
"2290",86000,14,2,1,0,61,0
"2291",100000,20,4,2,0,55,0
"2292",84600,14,3,1,0,35,0
"2293",81000,10,2,1,0,59,0
"2294",117900,27,5,2,0,82,0
"2295",69000,12,3,1,0,74,0
"2296",59000,7,1,1,0,80,0
"2297",54000,7,1,1,0,80,0
"2298",50000,13,2,1.5,0,57,0
"2299",75600,15,3,2,0,73,0
"2300",60375,11,2,1,0,78,0
"2301",128500,24,3,2,0,80,0
"2302",75000,14,3,2,0,60,0
"2303",150500,21,3,2,0,59,0
"2304",116500,13,2,1,0,58,0
"2305",137500,24,4,2.5,0,51,0
"2306",112000,11,2,1,0,71,0
"2307",115000,16,3,2,0,69,0
"2308",81300,15,3,2,0,70,0
"2309",94500,10,2,1,0,72,0
"2310",95665,11,2,1,0,68,0
"2311",89500,10,2,1,0,61,0
"2312",84500,14,3,1,0,73,0
"2313",88000,12,3,1,0,72,0
"2314",92669,11,2,1,0,73,0
"2315",140000,16,3,1,0,67,0
"2316",125000,24,3,2,0,92,0
"2317",79000,13,3,1,0,71,0
"2318",79900,17,3,1,0,86,0
"2319",77000,12,2,1,0,73,0
"2320",84000,13,3,1,0,79,0
"2321",101500,23,4,2,0,82,0
"2322",135000,25,4,1.5,0,97,0
"2323",88000,19,3,1.5,0,81,0
"2324",127500,32,4,2,0,98,0
"2325",120000,21,3,1,0,98,0
"2326",102000,27,4,2,0,98,0
"2327",95000,20,4,3.5,0,82,0
"2328",65000,15,3,2,0,87,0
"2329",59000,15,3,1.5,0,87,0
"2330",110000,13,3,1.5,0,91,0
"2331",85000,16,3,2,0,56,0
"2332",72000,15,2,1,0,97,0
"2333",65000,13,3,2,0,97,0
"2334",55000,12,2,1,0,85,0
"2335",99950,23,4,2,0,88,0
"2336",63000,10,2,1,0,86,0
"2337",109000,26,3,2.5,1,45,0
"2338",52960,10,2,1,0,65,0
"2339",68000,10,2,1,0,56,0
"2340",81500,13,4,2,0,70,0
"2341",74000,13,3,1.5,0,50,0
"2342",93000,10,3,2,0,0,0
"2343",92000,10,3,2,0,0,0
"2344",79500,10,3,1,0,0,0
"2345",79500,10,3,1,0,0,0
"2346",88500,12,3,2,0,0,0
"2347",59000,9,2,1,0,55,0
"2348",71500,8,2,1,0,59,0
"2349",79950,12,2,1,0,57,0
"2350",75950,10,3,2,0,58,0
"2351",85000,12,3,1.5,0,56,0
"2352",56000,10,3,1,0,39,0
"2353",66950,10,3,1,0,41,0
"2354",93000,13,3,1.5,0,41,0
"2355",86000,12,3,1,0,49,0
"2356",59000,7,2,1,0,47,0
"2357",79500,10,2,1,0,56,0
"2358",50200,11,2,1,0,55,0
"2359",82000,11,3,1,0,55,0
"2360",69000,10,3,1,0,55,0
"2361",73900,13,3,2,0,52,0
"2362",32000,9,2,1,0,65,0
"2363",27000,7,2,1,0,67,0
"2364",48500,8,3,1,0,40,0
"2365",67000,12,3,1,0,40,0
"2366",80000,20,3,2.5,0,33,0
"2367",80000,12,3,2,0,9,0
"2368",86500,15,3,2,0,16,0
"2369",93000,10,3,2,0,0,0
"2370",92000,10,3,2,0,0,0
"2371",77900,11,2,1.5,0,25,0
"2372",65000,11,2,1,0,44,0
"2373",87500,14,2,1,0,58,0
"2374",92000,10,3,2,0,0,0
"2375",62000,14,3,1,0,63,0
"2376",24000,7,2,1,0,69,0
"2377",66000,13,3,1.5,0,26,0
"2378",45000,9,2,1,0,85,0
"2379",45000,13,3,2,0,84,0
"2380",84700,18,4,2,0,66,0
"2381",42000,10,2,1,0,74,0
"2382",48000,8,2,1,0,87,0
"2383",55000,17,2,1,0,50,0
"2384",64000,11,3,1.5,0,72,0
"2385",72000,16,4,2,0,49,0
"2386",77500,17,4,2,0,63,0
"2387",65250,10,3,2,0,23,0
"2388",50000,12,3,1,0,44,0
"2389",59900,16,3,2,0,27,0
"2390",65000,10,3,1,0,25,0
"2391",87250,11,3,2,0,29,0
"2392",59000,8,2,1,0,11,0
"2393",30928,8,3,1,0,73,0
"2394",79900,11,3,2,0,41,0
"2395",185000,22,4,2,1,10,0
"2396",55000,9,2,1,0,59,0
"2397",64000,9,3,1,0,52,0
"2398",71500,14,3,2,0,34,0
"2399",78000,12,3,1.5,0,30,0
"2400",68000,10,3,1,0,25,0
"2401",82000,10,3,1,0,23,0
"2402",89900,10,3,2,0,0,0
"2403",65500,11,3,1,0,53,0
"2404",70000,10,3,1,0,25,0
"2405",73000,9,2,1,0,55,0
"2406",30000,9,2,1,0,58,0
"2407",35000,10,2,1,0,42,0
"2408",54000,7,2,1,0,46,0
"2409",88000,12,3,2,0,24,0
"2410",93000,10,3,2,0,0,0
"2411",63000,9,2,1,0,42,0
"2412",39000,7,2,1,0,50,0
"2413",46000,8,3,1,0,72,0
"2414",35000,11,2,1,0,33,0
"2415",81000,11,3,1,0,33,0
"2416",76500,9,3,1,0,19,0
"2417",67000,7,2,1,0,54,0
"2418",55000,18,3,3,0,40,0
"2419",105000,15,3,2,0,8,0
"2420",65000,8,2,1,0,60,0
"2421",62000,11,3,2,0,44,0
"2422",93000,10,3,2,0,0,0
"2423",70125,9,2,1,0,40,0
"2424",75000,7,3,1,0,42,0
"2425",48500,8,2,1,0,64,0
"2426",40000,7,2,1,0,72,0
"2427",160000,10,3,1,1,83,0
"2428",67000,9,2,1,1,72,0
"2429",30000,8,3,1,0,26,0
"2430",69950,10,3,1,0,27,0
"2431",34000,8,2,1,0,28,0
"2432",72454,11,3,1,0,50,0
"2433",74000,11,3,1,0,19,0
"2434",92000,10,3,2,0,20,0
"2435",84000,12,3,2,0,8,0
"2436",59500,11,3,1,0,52,0
"2437",79950,9,3,2,0,9,0
"2438",80000,12,3,2,0,9,0
"2439",62000,7,3,2,0,32,0
"2440",65000,10,3,2,0,51,0
"2441",82000,20,3,2,0,60,0
"2442",21000,7,2,1,0,31,0
"2443",30000,8,2,1,0,34,0
"2444",91000,13,3,2,0,4,0
"2445",53000,8,2,1,0,8,0
"2446",82500,17,3,1.5,0,25,0
"2447",25000,8,2,1,0,31,0
"2448",53000,11,3,2,0,32,0
"2449",75000,14,2,2,1,77,0
"2450",59950,7,2,1,0,21,0
"2451",60000,8,2,1,0,14,0
"2452",55000,10,3,1,0,42,0
"2453",85000,17,4,3,0,19,0
"2454",74000,11,3,2,0,18,0
"2455",85000,13,3,2,0,16,0
"2456",85000,10,3,1.5,0,17,0
"2457",72350,10,3,1,0,16,0
"2458",97100,14,3,2,0,0,0
"2459",150000,17,4,2,0,3,0
"2460",99600,14,3,2,0,0,0
"2461",141000,19,4,3,0,6,0
"2462",103950,14,3,2,0,1,0
"2463",118000,17,3,2.5,0,7,0
"2464",107105,13,3,2,0,8,0
"2465",123000,19,4,3,0,7,0
"2466",129900,20,4,2.5,0,5,0
"2467",132000,20,4,2.5,0,5,0
"2468",127250,15,3,2,0,5,0
"2469",122530,19,3,2.5,0,4,0
"2470",103000,13,3,2,0,4,0
"2471",110000,17,4,2.5,0,4,0
"2472",107500,15,3,2,0,4,0
"2473",95000,14,3,2,0,3,0
"2474",132000,16,4,2.5,0,4,0
"2475",106000,13,3,2,0,4,0
"2476",96000,15,4,2,0,3,0
"2477",126500,14,4,2,0,3,0
"2478",132025,17,3,2.5,0,5,0
"2479",124900,18,3,2.5,0,7,0
"2480",125000,21,3,2.5,0,7,0
"2481",115000,17,3,2,0,8,0
"2482",125000,21,3,2,0,7,0
"2483",116900,16,3,2.5,0,8,0
"2484",101000,14,4,2,0,2,0
"2485",110000,13,3,2,0,4,0
"2486",134000,20,3,2,0,4,0
"2487",182500,20,3,2,0,8,0
"2488",165000,20,3,2,0,4,1
"2489",108900,14,3,2.5,0,0,0
"2490",142500,27,5,3,0,7,0
"2491",131500,22,4,3,0,7,0
"2492",142000,24,3,2.5,0,0,0
"2493",148500,27,3,2.5,0,0,0
"2494",145000,27,5,2.5,0,0,0
"2495",115000,17,3,2,0,8,0
"2496",130000,19,4,2,0,8,0
"2497",139000,29,4,3,0,8,0
"2498",134000,20,4,3,0,7,0
"2499",111000,16,3,2,0,5,0
"2500",134900,19,3,2,0,8,0
"2501",134000,17,4,2,0,6,0
"2502",142500,17,3,2,0,4,0
"2503",137000,19,3,3,0,6,0
"2504",105000,17,4,2,0,5,0
"2505",115000,15,3,2,0,2,0
"2506",130000,17,4,2,0,4,0
"2507",110000,15,3,2,0,5,0
"2508",137250,18,4,2.5,0,5,0
"2509",173000,19,3,3,0,14,0
"2510",133000,14,3,2,0,6,0
"2511",128000,19,4,3,0,3,0
"2512",104900,10,3,2,0,3,0
"2513",109900,14,3,2.5,0,5,0
"2514",91900,12,3,2,0,6,0
"2515",88000,11,3,2,0,5,0
"2516",96500,12,3,2,0,5,0
"2517",105700,12,4,2,0,7,0
"2518",110000,14,3,2,0,0,0
"2519",125000,15,4,2,0,0,0
"2520",150000,20,4,3,0,0,0
"2521",96501,11,3,2,0,3,0
"2522",105000,13,3,2,0,4,0
"2523",137500,13,3,2,0,3,1
"2524",107000,11,3,2,0,2,0
"2525",90100,10,3,2,0,1,0
"2526",110000,12,3,2,0,3,0
"2527",124500,17,3,2.5,0,3,0
"2528",99900,12,3,2,0,4,0
"2529",104000,14,4,2,0,3,0
"2530",158000,19,4,2.5,0,1,0
"2531",98400,12,3,2,0,3,0
"2532",99000,12,3,2,0,4,0
"2533",125000,15,4,2,0,3,0
"2534",125000,18,4,2,0,0,0
"2535",105000,13,3,2,0,2,0
"2536",128140,18,4,2,0,0,0
"2537",119000,14,3,2,0,2,0
"2538",112000,12,3,2,0,2,0
"2539",129500,18,4,2,0,0,0
"2540",105000,16,3,2,0,3,0
"2541",139921,21,4,2,0,2,0
"2542",129000,21,4,2,0,2,0
"2543",114950,16,3,2,0,2,0
"2544",127900,16,4,2.5,0,0,0
"2545",126600,15,4,2,0,0,0
"2546",82500,10,3,2,0,8,0
"2547",105000,13,3,2,1,8,0
"2548",154000,18,4,2,0,4,0
"2549",114500,15,3,2,1,20,0
"2550",60000,7,2,1,0,45,0
"2551",92000,10,3,2,0,0,0
"2552",92000,10,3,2,0,0,0
"2553",70200,10,3,1.5,0,40,0
"2554",52000,8,2,1,0,50,0
"2555",65000,10,3,1,0,33,0
"2556",74950,15,3,1,0,35,0
"2557",69500,10,3,1,0,34,0
"2558",72000,14,3,2,0,11,0
"2559",75000,13,3,2,0,11,0
"2560",74500,13,3,2,0,8,0
"2561",77000,13,3,2,0,9,0
"2562",94500,12,3,2,0,9,0
"2563",80500,12,3,2,0,8,0
"2564",104410,17,3,2,0,8,0
"2565",88000,13,3,2,0,8,0
"2566",98500,13,3,2,0,7,0
"2567",74950,12,3,2,0,7,0
"2568",90000,16,3,2.5,0,8,0
"2569",73900,10,3,2,0,7,0
"2570",88000,14,4,2,0,7,0
"2571",76500,14,4,2,0,7,0
"2572",95450,12,3,2,0,6,0
"2573",85000,12,3,2,0,8,0
"2574",87000,15,4,2,0,7,0
"2575",85000,12,3,2,0,7,0
"2576",82000,10,3,2,0,7,0
"2577",90000,16,4,2.5,0,6,0
"2578",96000,16,3,2.5,0,6,0
"2579",87000,14,4,2,0,7,0
"2580",74400,9,2,2,0,4,0
"2581",75000,10,3,2,0,12,0
"2582",80000,10,3,2,0,0,0
"2583",120000,10,3,2,1,33,0
"2584",132600,17,3,2,1,31,0
"2585",161000,16,3,2,1,34,0
"2586",62500,12,3,2,1,49,0
"2587",245000,19,3,2.5,1,23,0
"2588",58200,10,2,2,1,53,0
"2589",97750,14,3,2,0,21,0
"2590",155000,15,3,1,1,37,0
"2591",195000,24,4,2,1,32,1
"2592",170000,16,3,2,1,0,0
"2593",200000,26,3,2.5,1,8,0
"2594",252000,26,3,3,1,9,0
"2595",134000,17,3,2,1,47,0
"2596",292000,22,4,3,1,8,0
"2597",260900,22,4,3,1,9,0
"2598",287500,20,3,3,1,9,0
"2599",158500,18,3,2,1,34,0
"2600",112000,10,3,2,1,28,0
"2601",155000,16,3,2,1,49,0
"2602",157500,16,3,1,1,62,0
"2603",92650,13,4,1.5,0,49,0
"2604",119000,14,3,2,0,0,0
"2605",139000,16,3,2,0,0,0
"2606",115000,13,3,2,1,50,0
"2607",110000,13,3,2,0,44,0
"2608",185000,15,3,2,1,44,0
"2609",210000,35,4,3.5,1,42,0
"2610",320000,30,4,3,1,42,0
